model_key	model_label	point_order	false_positive_rate	true_positive_rate
clinical	Clinical + ancestry PCs	1	0.0	0.0
clinical	Clinical + ancestry PCs	2	0.0	0.006024096385542169
clinical	Clinical + ancestry PCs	3	0.0	0.012048192771084338
clinical	Clinical + ancestry PCs	4	0.0	0.018072289156626505
clinical	Clinical + ancestry PCs	5	0.0	0.024096385542168676
clinical	Clinical + ancestry PCs	6	0.0	0.030120481927710843
clinical	Clinical + ancestry PCs	7	0.0	0.03614457831325301
clinical	Clinical + ancestry PCs	8	0.0	0.04216867469879518
clinical	Clinical + ancestry PCs	9	0.0	0.04819277108433735
clinical	Clinical + ancestry PCs	10	0.0	0.05421686746987952
clinical	Clinical + ancestry PCs	11	0.0	0.060240963855421686
clinical	Clinical + ancestry PCs	12	0.003787878787878788	0.060240963855421686
clinical	Clinical + ancestry PCs	13	0.003787878787878788	0.06626506024096386
clinical	Clinical + ancestry PCs	14	0.003787878787878788	0.07228915662650602
clinical	Clinical + ancestry PCs	15	0.007575757575757576	0.07228915662650602
clinical	Clinical + ancestry PCs	16	0.007575757575757576	0.0783132530120482
clinical	Clinical + ancestry PCs	17	0.007575757575757576	0.08433734939759036
clinical	Clinical + ancestry PCs	18	0.011363636363636364	0.08433734939759036
clinical	Clinical + ancestry PCs	19	0.011363636363636364	0.09036144578313253
clinical	Clinical + ancestry PCs	20	0.015151515151515152	0.09036144578313253
clinical	Clinical + ancestry PCs	21	0.015151515151515152	0.0963855421686747
clinical	Clinical + ancestry PCs	22	0.015151515151515152	0.10240963855421686
clinical	Clinical + ancestry PCs	23	0.015151515151515152	0.10843373493975904
clinical	Clinical + ancestry PCs	24	0.015151515151515152	0.1144578313253012
clinical	Clinical + ancestry PCs	25	0.015151515151515152	0.12048192771084337
clinical	Clinical + ancestry PCs	26	0.015151515151515152	0.12650602409638553
clinical	Clinical + ancestry PCs	27	0.01893939393939394	0.12650602409638553
clinical	Clinical + ancestry PCs	28	0.01893939393939394	0.13253012048192772
clinical	Clinical + ancestry PCs	29	0.01893939393939394	0.13855421686746988
clinical	Clinical + ancestry PCs	30	0.022727272727272728	0.13855421686746988
clinical	Clinical + ancestry PCs	31	0.022727272727272728	0.14457831325301204
clinical	Clinical + ancestry PCs	32	0.022727272727272728	0.15060240963855423
clinical	Clinical + ancestry PCs	33	0.026515151515151516	0.15060240963855423
clinical	Clinical + ancestry PCs	34	0.026515151515151516	0.1566265060240964
clinical	Clinical + ancestry PCs	35	0.030303030303030304	0.1566265060240964
clinical	Clinical + ancestry PCs	36	0.030303030303030304	0.16265060240963855
clinical	Clinical + ancestry PCs	37	0.030303030303030304	0.1686746987951807
clinical	Clinical + ancestry PCs	38	0.030303030303030304	0.1746987951807229
clinical	Clinical + ancestry PCs	39	0.03409090909090909	0.1746987951807229
clinical	Clinical + ancestry PCs	40	0.03787878787878788	0.1746987951807229
clinical	Clinical + ancestry PCs	41	0.041666666666666664	0.1746987951807229
clinical	Clinical + ancestry PCs	42	0.041666666666666664	0.18072289156626506
clinical	Clinical + ancestry PCs	43	0.041666666666666664	0.18674698795180722
clinical	Clinical + ancestry PCs	44	0.045454545454545456	0.18674698795180722
clinical	Clinical + ancestry PCs	45	0.045454545454545456	0.1927710843373494
clinical	Clinical + ancestry PCs	46	0.04924242424242424	0.1927710843373494
clinical	Clinical + ancestry PCs	47	0.05303030303030303	0.1927710843373494
clinical	Clinical + ancestry PCs	48	0.05303030303030303	0.19879518072289157
clinical	Clinical + ancestry PCs	49	0.05303030303030303	0.20481927710843373
clinical	Clinical + ancestry PCs	50	0.05303030303030303	0.21084337349397592
clinical	Clinical + ancestry PCs	51	0.05303030303030303	0.21686746987951808
clinical	Clinical + ancestry PCs	52	0.05303030303030303	0.22289156626506024
clinical	Clinical + ancestry PCs	53	0.05303030303030303	0.2289156626506024
clinical	Clinical + ancestry PCs	54	0.05303030303030303	0.23493975903614459
clinical	Clinical + ancestry PCs	55	0.056818181818181816	0.23493975903614459
clinical	Clinical + ancestry PCs	56	0.056818181818181816	0.24096385542168675
clinical	Clinical + ancestry PCs	57	0.06060606060606061	0.24096385542168675
clinical	Clinical + ancestry PCs	58	0.06060606060606061	0.2469879518072289
clinical	Clinical + ancestry PCs	59	0.06439393939393939	0.2469879518072289
clinical	Clinical + ancestry PCs	60	0.06439393939393939	0.25301204819277107
clinical	Clinical + ancestry PCs	61	0.06439393939393939	0.25903614457831325
clinical	Clinical + ancestry PCs	62	0.06818181818181818	0.25903614457831325
clinical	Clinical + ancestry PCs	63	0.07196969696969698	0.25903614457831325
clinical	Clinical + ancestry PCs	64	0.07575757575757576	0.25903614457831325
clinical	Clinical + ancestry PCs	65	0.07954545454545454	0.25903614457831325
clinical	Clinical + ancestry PCs	66	0.07954545454545454	0.26506024096385544
clinical	Clinical + ancestry PCs	67	0.07954545454545454	0.2710843373493976
clinical	Clinical + ancestry PCs	68	0.07954545454545454	0.27710843373493976
clinical	Clinical + ancestry PCs	69	0.07954545454545454	0.28313253012048195
clinical	Clinical + ancestry PCs	70	0.07954545454545454	0.2891566265060241
clinical	Clinical + ancestry PCs	71	0.07954545454545454	0.29518072289156627
clinical	Clinical + ancestry PCs	72	0.07954545454545454	0.30120481927710846
clinical	Clinical + ancestry PCs	73	0.08333333333333333	0.30120481927710846
clinical	Clinical + ancestry PCs	74	0.08333333333333333	0.3072289156626506
clinical	Clinical + ancestry PCs	75	0.08712121212121213	0.3072289156626506
clinical	Clinical + ancestry PCs	76	0.08712121212121213	0.3132530120481928
clinical	Clinical + ancestry PCs	77	0.08712121212121213	0.3192771084337349
clinical	Clinical + ancestry PCs	78	0.09090909090909091	0.3192771084337349
clinical	Clinical + ancestry PCs	79	0.09090909090909091	0.3253012048192771
clinical	Clinical + ancestry PCs	80	0.0946969696969697	0.3253012048192771
clinical	Clinical + ancestry PCs	81	0.09848484848484848	0.3253012048192771
clinical	Clinical + ancestry PCs	82	0.10227272727272728	0.3253012048192771
clinical	Clinical + ancestry PCs	83	0.10606060606060606	0.3253012048192771
clinical	Clinical + ancestry PCs	84	0.10606060606060606	0.3313253012048193
clinical	Clinical + ancestry PCs	85	0.10606060606060606	0.3373493975903614
clinical	Clinical + ancestry PCs	86	0.10984848484848485	0.3373493975903614
clinical	Clinical + ancestry PCs	87	0.10984848484848485	0.3433734939759036
clinical	Clinical + ancestry PCs	88	0.10984848484848485	0.3493975903614458
clinical	Clinical + ancestry PCs	89	0.10984848484848485	0.35542168674698793
clinical	Clinical + ancestry PCs	90	0.11363636363636363	0.35542168674698793
clinical	Clinical + ancestry PCs	91	0.11742424242424243	0.35542168674698793
clinical	Clinical + ancestry PCs	92	0.11742424242424243	0.3614457831325301
clinical	Clinical + ancestry PCs	93	0.11742424242424243	0.3674698795180723
clinical	Clinical + ancestry PCs	94	0.12121212121212122	0.3674698795180723
clinical	Clinical + ancestry PCs	95	0.125	0.3674698795180723
clinical	Clinical + ancestry PCs	96	0.12878787878787878	0.3674698795180723
clinical	Clinical + ancestry PCs	97	0.12878787878787878	0.37349397590361444
clinical	Clinical + ancestry PCs	98	0.13257575757575757	0.37349397590361444
clinical	Clinical + ancestry PCs	99	0.13257575757575757	0.3795180722891566
clinical	Clinical + ancestry PCs	100	0.13636363636363635	0.3795180722891566
clinical	Clinical + ancestry PCs	101	0.13636363636363635	0.3855421686746988
clinical	Clinical + ancestry PCs	102	0.13636363636363635	0.39156626506024095
clinical	Clinical + ancestry PCs	103	0.14015151515151514	0.39156626506024095
clinical	Clinical + ancestry PCs	104	0.14393939393939395	0.39156626506024095
clinical	Clinical + ancestry PCs	105	0.14772727272727273	0.39156626506024095
clinical	Clinical + ancestry PCs	106	0.14772727272727273	0.39759036144578314
clinical	Clinical + ancestry PCs	107	0.15151515151515152	0.39759036144578314
clinical	Clinical + ancestry PCs	108	0.15151515151515152	0.4036144578313253
clinical	Clinical + ancestry PCs	109	0.1553030303030303	0.4036144578313253
clinical	Clinical + ancestry PCs	110	0.1590909090909091	0.4036144578313253
clinical	Clinical + ancestry PCs	111	0.1590909090909091	0.40963855421686746
clinical	Clinical + ancestry PCs	112	0.1590909090909091	0.41566265060240964
clinical	Clinical + ancestry PCs	113	0.16287878787878787	0.41566265060240964
clinical	Clinical + ancestry PCs	114	0.16287878787878787	0.42168674698795183
clinical	Clinical + ancestry PCs	115	0.16666666666666666	0.42168674698795183
clinical	Clinical + ancestry PCs	116	0.16666666666666666	0.42771084337349397
clinical	Clinical + ancestry PCs	117	0.17045454545454544	0.42771084337349397
clinical	Clinical + ancestry PCs	118	0.17424242424242425	0.42771084337349397
clinical	Clinical + ancestry PCs	119	0.17424242424242425	0.43373493975903615
clinical	Clinical + ancestry PCs	120	0.17803030303030304	0.43373493975903615
clinical	Clinical + ancestry PCs	121	0.17803030303030304	0.4397590361445783
clinical	Clinical + ancestry PCs	122	0.18181818181818182	0.4397590361445783
clinical	Clinical + ancestry PCs	123	0.18181818181818182	0.4457831325301205
clinical	Clinical + ancestry PCs	124	0.18181818181818182	0.45180722891566266
clinical	Clinical + ancestry PCs	125	0.1856060606060606	0.45180722891566266
clinical	Clinical + ancestry PCs	126	0.1893939393939394	0.45180722891566266
clinical	Clinical + ancestry PCs	127	0.1893939393939394	0.4578313253012048
clinical	Clinical + ancestry PCs	128	0.1893939393939394	0.463855421686747
clinical	Clinical + ancestry PCs	129	0.1893939393939394	0.46987951807228917
clinical	Clinical + ancestry PCs	130	0.19318181818181818	0.46987951807228917
clinical	Clinical + ancestry PCs	131	0.19696969696969696	0.46987951807228917
clinical	Clinical + ancestry PCs	132	0.19696969696969696	0.4759036144578313
clinical	Clinical + ancestry PCs	133	0.20075757575757575	0.4759036144578313
clinical	Clinical + ancestry PCs	134	0.20075757575757575	0.4819277108433735
clinical	Clinical + ancestry PCs	135	0.20454545454545456	0.4819277108433735
clinical	Clinical + ancestry PCs	136	0.20833333333333334	0.4819277108433735
clinical	Clinical + ancestry PCs	137	0.21212121212121213	0.4819277108433735
clinical	Clinical + ancestry PCs	138	0.2159090909090909	0.4819277108433735
clinical	Clinical + ancestry PCs	139	0.2196969696969697	0.4819277108433735
clinical	Clinical + ancestry PCs	140	0.22348484848484848	0.4819277108433735
clinical	Clinical + ancestry PCs	141	0.22727272727272727	0.4819277108433735
clinical	Clinical + ancestry PCs	142	0.23106060606060605	0.4819277108433735
clinical	Clinical + ancestry PCs	143	0.23106060606060605	0.4879518072289157
clinical	Clinical + ancestry PCs	144	0.23106060606060605	0.4939759036144578
clinical	Clinical + ancestry PCs	145	0.23106060606060605	0.5
clinical	Clinical + ancestry PCs	146	0.23484848484848486	0.5
clinical	Clinical + ancestry PCs	147	0.23863636363636365	0.5
clinical	Clinical + ancestry PCs	148	0.23863636363636365	0.5060240963855421
clinical	Clinical + ancestry PCs	149	0.23863636363636365	0.5120481927710844
clinical	Clinical + ancestry PCs	150	0.23863636363636365	0.5180722891566265
clinical	Clinical + ancestry PCs	151	0.24242424242424243	0.5180722891566265
clinical	Clinical + ancestry PCs	152	0.24242424242424243	0.5240963855421686
clinical	Clinical + ancestry PCs	153	0.24242424242424243	0.5301204819277109
clinical	Clinical + ancestry PCs	154	0.24242424242424243	0.536144578313253
clinical	Clinical + ancestry PCs	155	0.24242424242424243	0.5421686746987951
clinical	Clinical + ancestry PCs	156	0.24242424242424243	0.5481927710843374
clinical	Clinical + ancestry PCs	157	0.24242424242424243	0.5542168674698795
clinical	Clinical + ancestry PCs	158	0.24242424242424243	0.5602409638554217
clinical	Clinical + ancestry PCs	159	0.24242424242424243	0.5662650602409639
clinical	Clinical + ancestry PCs	160	0.24242424242424243	0.572289156626506
clinical	Clinical + ancestry PCs	161	0.24621212121212122	0.572289156626506
clinical	Clinical + ancestry PCs	162	0.25	0.572289156626506
clinical	Clinical + ancestry PCs	163	0.25	0.5783132530120482
clinical	Clinical + ancestry PCs	164	0.25	0.5843373493975904
clinical	Clinical + ancestry PCs	165	0.2537878787878788	0.5843373493975904
clinical	Clinical + ancestry PCs	166	0.25757575757575757	0.5843373493975904
clinical	Clinical + ancestry PCs	167	0.26136363636363635	0.5843373493975904
clinical	Clinical + ancestry PCs	168	0.26515151515151514	0.5843373493975904
clinical	Clinical + ancestry PCs	169	0.26515151515151514	0.5903614457831325
clinical	Clinical + ancestry PCs	170	0.26515151515151514	0.5963855421686747
clinical	Clinical + ancestry PCs	171	0.2689393939393939	0.5963855421686747
clinical	Clinical + ancestry PCs	172	0.2727272727272727	0.5963855421686747
clinical	Clinical + ancestry PCs	173	0.2765151515151515	0.5963855421686747
clinical	Clinical + ancestry PCs	174	0.2803030303030303	0.5963855421686747
clinical	Clinical + ancestry PCs	175	0.2840909090909091	0.5963855421686747
clinical	Clinical + ancestry PCs	176	0.2878787878787879	0.5963855421686747
clinical	Clinical + ancestry PCs	177	0.2916666666666667	0.5963855421686747
clinical	Clinical + ancestry PCs	178	0.29545454545454547	0.5963855421686747
clinical	Clinical + ancestry PCs	179	0.29924242424242425	0.5963855421686747
clinical	Clinical + ancestry PCs	180	0.30303030303030304	0.5963855421686747
clinical	Clinical + ancestry PCs	181	0.3068181818181818	0.5963855421686747
clinical	Clinical + ancestry PCs	182	0.3106060606060606	0.5963855421686747
clinical	Clinical + ancestry PCs	183	0.3143939393939394	0.5963855421686747
clinical	Clinical + ancestry PCs	184	0.3143939393939394	0.6024096385542169
clinical	Clinical + ancestry PCs	185	0.3181818181818182	0.6024096385542169
clinical	Clinical + ancestry PCs	186	0.3181818181818182	0.608433734939759
clinical	Clinical + ancestry PCs	187	0.32196969696969696	0.608433734939759
clinical	Clinical + ancestry PCs	188	0.32575757575757575	0.608433734939759
clinical	Clinical + ancestry PCs	189	0.32954545454545453	0.608433734939759
clinical	Clinical + ancestry PCs	190	0.3333333333333333	0.608433734939759
clinical	Clinical + ancestry PCs	191	0.3371212121212121	0.608433734939759
clinical	Clinical + ancestry PCs	192	0.3409090909090909	0.608433734939759
clinical	Clinical + ancestry PCs	193	0.3409090909090909	0.6144578313253012
clinical	Clinical + ancestry PCs	194	0.3409090909090909	0.6204819277108434
clinical	Clinical + ancestry PCs	195	0.3446969696969697	0.6204819277108434
clinical	Clinical + ancestry PCs	196	0.3484848484848485	0.6204819277108434
clinical	Clinical + ancestry PCs	197	0.3522727272727273	0.6204819277108434
clinical	Clinical + ancestry PCs	198	0.3522727272727273	0.6265060240963856
clinical	Clinical + ancestry PCs	199	0.3522727272727273	0.6325301204819277
clinical	Clinical + ancestry PCs	200	0.3522727272727273	0.6385542168674698
clinical	Clinical + ancestry PCs	201	0.3522727272727273	0.6445783132530121
clinical	Clinical + ancestry PCs	202	0.3522727272727273	0.6506024096385542
clinical	Clinical + ancestry PCs	203	0.3560606060606061	0.6506024096385542
clinical	Clinical + ancestry PCs	204	0.35984848484848486	0.6506024096385542
clinical	Clinical + ancestry PCs	205	0.36363636363636365	0.6506024096385542
clinical	Clinical + ancestry PCs	206	0.36742424242424243	0.6506024096385542
clinical	Clinical + ancestry PCs	207	0.3712121212121212	0.6506024096385542
clinical	Clinical + ancestry PCs	208	0.3712121212121212	0.6566265060240963
clinical	Clinical + ancestry PCs	209	0.375	0.6566265060240963
clinical	Clinical + ancestry PCs	210	0.3787878787878788	0.6566265060240963
clinical	Clinical + ancestry PCs	211	0.38257575757575757	0.6566265060240963
clinical	Clinical + ancestry PCs	212	0.38636363636363635	0.6566265060240963
clinical	Clinical + ancestry PCs	213	0.39015151515151514	0.6566265060240963
clinical	Clinical + ancestry PCs	214	0.3939393939393939	0.6566265060240963
clinical	Clinical + ancestry PCs	215	0.3977272727272727	0.6566265060240963
clinical	Clinical + ancestry PCs	216	0.3977272727272727	0.6626506024096386
clinical	Clinical + ancestry PCs	217	0.4015151515151515	0.6626506024096386
clinical	Clinical + ancestry PCs	218	0.4015151515151515	0.6686746987951807
clinical	Clinical + ancestry PCs	219	0.4015151515151515	0.6746987951807228
clinical	Clinical + ancestry PCs	220	0.4015151515151515	0.6807228915662651
clinical	Clinical + ancestry PCs	221	0.4053030303030303	0.6807228915662651
clinical	Clinical + ancestry PCs	222	0.4053030303030303	0.6867469879518072
clinical	Clinical + ancestry PCs	223	0.4090909090909091	0.6867469879518072
clinical	Clinical + ancestry PCs	224	0.4128787878787879	0.6867469879518072
clinical	Clinical + ancestry PCs	225	0.4128787878787879	0.6927710843373494
clinical	Clinical + ancestry PCs	226	0.4166666666666667	0.6927710843373494
clinical	Clinical + ancestry PCs	227	0.42045454545454547	0.6927710843373494
clinical	Clinical + ancestry PCs	228	0.42045454545454547	0.6987951807228916
clinical	Clinical + ancestry PCs	229	0.42424242424242425	0.6987951807228916
clinical	Clinical + ancestry PCs	230	0.42803030303030304	0.6987951807228916
clinical	Clinical + ancestry PCs	231	0.42803030303030304	0.7048192771084337
clinical	Clinical + ancestry PCs	232	0.42803030303030304	0.7108433734939759
clinical	Clinical + ancestry PCs	233	0.4318181818181818	0.7108433734939759
clinical	Clinical + ancestry PCs	234	0.4356060606060606	0.7108433734939759
clinical	Clinical + ancestry PCs	235	0.4356060606060606	0.7168674698795181
clinical	Clinical + ancestry PCs	236	0.4393939393939394	0.7168674698795181
clinical	Clinical + ancestry PCs	237	0.4393939393939394	0.7228915662650602
clinical	Clinical + ancestry PCs	238	0.4431818181818182	0.7228915662650602
clinical	Clinical + ancestry PCs	239	0.4431818181818182	0.7289156626506024
clinical	Clinical + ancestry PCs	240	0.44696969696969696	0.7289156626506024
clinical	Clinical + ancestry PCs	241	0.45075757575757575	0.7289156626506024
clinical	Clinical + ancestry PCs	242	0.45454545454545453	0.7289156626506024
clinical	Clinical + ancestry PCs	243	0.4583333333333333	0.7289156626506024
clinical	Clinical + ancestry PCs	244	0.4621212121212121	0.7289156626506024
clinical	Clinical + ancestry PCs	245	0.4621212121212121	0.7349397590361446
clinical	Clinical + ancestry PCs	246	0.4621212121212121	0.7409638554216867
clinical	Clinical + ancestry PCs	247	0.4659090909090909	0.7409638554216867
clinical	Clinical + ancestry PCs	248	0.4696969696969697	0.7409638554216867
clinical	Clinical + ancestry PCs	249	0.4734848484848485	0.7409638554216867
clinical	Clinical + ancestry PCs	250	0.4734848484848485	0.7469879518072289
clinical	Clinical + ancestry PCs	251	0.4772727272727273	0.7469879518072289
clinical	Clinical + ancestry PCs	252	0.4810606060606061	0.7469879518072289
clinical	Clinical + ancestry PCs	253	0.48484848484848486	0.7469879518072289
clinical	Clinical + ancestry PCs	254	0.48863636363636365	0.7469879518072289
clinical	Clinical + ancestry PCs	255	0.49242424242424243	0.7469879518072289
clinical	Clinical + ancestry PCs	256	0.4962121212121212	0.7469879518072289
clinical	Clinical + ancestry PCs	257	0.5	0.7469879518072289
clinical	Clinical + ancestry PCs	258	0.5037878787878788	0.7469879518072289
clinical	Clinical + ancestry PCs	259	0.5037878787878788	0.7530120481927711
clinical	Clinical + ancestry PCs	260	0.5037878787878788	0.7590361445783133
clinical	Clinical + ancestry PCs	261	0.5075757575757576	0.7590361445783133
clinical	Clinical + ancestry PCs	262	0.5075757575757576	0.7650602409638554
clinical	Clinical + ancestry PCs	263	0.5113636363636364	0.7650602409638554
clinical	Clinical + ancestry PCs	264	0.5151515151515151	0.7650602409638554
clinical	Clinical + ancestry PCs	265	0.5189393939393939	0.7650602409638554
clinical	Clinical + ancestry PCs	266	0.5227272727272727	0.7650602409638554
clinical	Clinical + ancestry PCs	267	0.5227272727272727	0.7710843373493976
clinical	Clinical + ancestry PCs	268	0.5265151515151515	0.7710843373493976
clinical	Clinical + ancestry PCs	269	0.5303030303030303	0.7710843373493976
clinical	Clinical + ancestry PCs	270	0.5303030303030303	0.7771084337349398
clinical	Clinical + ancestry PCs	271	0.5340909090909091	0.7771084337349398
clinical	Clinical + ancestry PCs	272	0.5378787878787878	0.7771084337349398
clinical	Clinical + ancestry PCs	273	0.5416666666666666	0.7771084337349398
clinical	Clinical + ancestry PCs	274	0.5454545454545454	0.7771084337349398
clinical	Clinical + ancestry PCs	275	0.5454545454545454	0.7831325301204819
clinical	Clinical + ancestry PCs	276	0.5492424242424242	0.7831325301204819
clinical	Clinical + ancestry PCs	277	0.553030303030303	0.7831325301204819
clinical	Clinical + ancestry PCs	278	0.553030303030303	0.7891566265060241
clinical	Clinical + ancestry PCs	279	0.5568181818181818	0.7891566265060241
clinical	Clinical + ancestry PCs	280	0.5568181818181818	0.7951807228915663
clinical	Clinical + ancestry PCs	281	0.5606060606060606	0.7951807228915663
clinical	Clinical + ancestry PCs	282	0.5643939393939394	0.7951807228915663
clinical	Clinical + ancestry PCs	283	0.5681818181818182	0.7951807228915663
clinical	Clinical + ancestry PCs	284	0.5681818181818182	0.8012048192771084
clinical	Clinical + ancestry PCs	285	0.571969696969697	0.8012048192771084
clinical	Clinical + ancestry PCs	286	0.5757575757575758	0.8012048192771084
clinical	Clinical + ancestry PCs	287	0.5795454545454546	0.8012048192771084
clinical	Clinical + ancestry PCs	288	0.5833333333333334	0.8012048192771084
clinical	Clinical + ancestry PCs	289	0.5871212121212122	0.8012048192771084
clinical	Clinical + ancestry PCs	290	0.5871212121212122	0.8072289156626506
clinical	Clinical + ancestry PCs	291	0.5871212121212122	0.8132530120481928
clinical	Clinical + ancestry PCs	292	0.5871212121212122	0.8192771084337349
clinical	Clinical + ancestry PCs	293	0.5909090909090909	0.8192771084337349
clinical	Clinical + ancestry PCs	294	0.5946969696969697	0.8192771084337349
clinical	Clinical + ancestry PCs	295	0.5984848484848485	0.8192771084337349
clinical	Clinical + ancestry PCs	296	0.6022727272727273	0.8192771084337349
clinical	Clinical + ancestry PCs	297	0.6060606060606061	0.8192771084337349
clinical	Clinical + ancestry PCs	298	0.6098484848484849	0.8192771084337349
clinical	Clinical + ancestry PCs	299	0.6136363636363636	0.8192771084337349
clinical	Clinical + ancestry PCs	300	0.6174242424242424	0.8192771084337349
clinical	Clinical + ancestry PCs	301	0.6174242424242424	0.8253012048192772
clinical	Clinical + ancestry PCs	302	0.6174242424242424	0.8313253012048193
clinical	Clinical + ancestry PCs	303	0.6212121212121212	0.8313253012048193
clinical	Clinical + ancestry PCs	304	0.625	0.8313253012048193
clinical	Clinical + ancestry PCs	305	0.625	0.8373493975903614
clinical	Clinical + ancestry PCs	306	0.625	0.8433734939759037
clinical	Clinical + ancestry PCs	307	0.6287878787878788	0.8433734939759037
clinical	Clinical + ancestry PCs	308	0.6325757575757576	0.8433734939759037
clinical	Clinical + ancestry PCs	309	0.6363636363636364	0.8433734939759037
clinical	Clinical + ancestry PCs	310	0.6401515151515151	0.8433734939759037
clinical	Clinical + ancestry PCs	311	0.6401515151515151	0.8493975903614458
clinical	Clinical + ancestry PCs	312	0.6439393939393939	0.8493975903614458
clinical	Clinical + ancestry PCs	313	0.6439393939393939	0.8554216867469879
clinical	Clinical + ancestry PCs	314	0.6477272727272727	0.8554216867469879
clinical	Clinical + ancestry PCs	315	0.6477272727272727	0.8614457831325302
clinical	Clinical + ancestry PCs	316	0.6515151515151515	0.8614457831325302
clinical	Clinical + ancestry PCs	317	0.6515151515151515	0.8674698795180723
clinical	Clinical + ancestry PCs	318	0.6553030303030303	0.8674698795180723
clinical	Clinical + ancestry PCs	319	0.6553030303030303	0.8734939759036144
clinical	Clinical + ancestry PCs	320	0.6590909090909091	0.8734939759036144
clinical	Clinical + ancestry PCs	321	0.6628787878787878	0.8734939759036144
clinical	Clinical + ancestry PCs	322	0.6666666666666666	0.8734939759036144
clinical	Clinical + ancestry PCs	323	0.6704545454545454	0.8734939759036144
clinical	Clinical + ancestry PCs	324	0.6704545454545454	0.8795180722891566
clinical	Clinical + ancestry PCs	325	0.6742424242424242	0.8795180722891566
clinical	Clinical + ancestry PCs	326	0.678030303030303	0.8795180722891566
clinical	Clinical + ancestry PCs	327	0.6818181818181818	0.8795180722891566
clinical	Clinical + ancestry PCs	328	0.6856060606060606	0.8795180722891566
clinical	Clinical + ancestry PCs	329	0.6856060606060606	0.8855421686746988
clinical	Clinical + ancestry PCs	330	0.6856060606060606	0.891566265060241
clinical	Clinical + ancestry PCs	331	0.6893939393939394	0.891566265060241
clinical	Clinical + ancestry PCs	332	0.6931818181818182	0.891566265060241
clinical	Clinical + ancestry PCs	333	0.696969696969697	0.891566265060241
clinical	Clinical + ancestry PCs	334	0.7007575757575758	0.891566265060241
clinical	Clinical + ancestry PCs	335	0.7045454545454546	0.891566265060241
clinical	Clinical + ancestry PCs	336	0.7045454545454546	0.8975903614457831
clinical	Clinical + ancestry PCs	337	0.7083333333333334	0.8975903614457831
clinical	Clinical + ancestry PCs	338	0.7121212121212122	0.8975903614457831
clinical	Clinical + ancestry PCs	339	0.7159090909090909	0.8975903614457831
clinical	Clinical + ancestry PCs	340	0.7196969696969697	0.8975903614457831
clinical	Clinical + ancestry PCs	341	0.7196969696969697	0.9036144578313253
clinical	Clinical + ancestry PCs	342	0.7234848484848485	0.9036144578313253
clinical	Clinical + ancestry PCs	343	0.7234848484848485	0.9096385542168675
clinical	Clinical + ancestry PCs	344	0.7272727272727273	0.9096385542168675
clinical	Clinical + ancestry PCs	345	0.7310606060606061	0.9096385542168675
clinical	Clinical + ancestry PCs	346	0.7348484848484849	0.9096385542168675
clinical	Clinical + ancestry PCs	347	0.7386363636363636	0.9096385542168675
clinical	Clinical + ancestry PCs	348	0.7424242424242424	0.9096385542168675
clinical	Clinical + ancestry PCs	349	0.7462121212121212	0.9096385542168675
clinical	Clinical + ancestry PCs	350	0.75	0.9096385542168675
clinical	Clinical + ancestry PCs	351	0.75	0.9156626506024096
clinical	Clinical + ancestry PCs	352	0.7537878787878788	0.9156626506024096
clinical	Clinical + ancestry PCs	353	0.7575757575757576	0.9156626506024096
clinical	Clinical + ancestry PCs	354	0.7575757575757576	0.9216867469879518
clinical	Clinical + ancestry PCs	355	0.7613636363636364	0.9216867469879518
clinical	Clinical + ancestry PCs	356	0.7651515151515151	0.9216867469879518
clinical	Clinical + ancestry PCs	357	0.7689393939393939	0.9216867469879518
clinical	Clinical + ancestry PCs	358	0.7727272727272727	0.9216867469879518
clinical	Clinical + ancestry PCs	359	0.7765151515151515	0.9216867469879518
clinical	Clinical + ancestry PCs	360	0.7765151515151515	0.927710843373494
clinical	Clinical + ancestry PCs	361	0.7803030303030303	0.927710843373494
clinical	Clinical + ancestry PCs	362	0.7840909090909091	0.927710843373494
clinical	Clinical + ancestry PCs	363	0.7878787878787878	0.927710843373494
clinical	Clinical + ancestry PCs	364	0.7916666666666666	0.927710843373494
clinical	Clinical + ancestry PCs	365	0.7954545454545454	0.927710843373494
clinical	Clinical + ancestry PCs	366	0.7954545454545454	0.9337349397590361
clinical	Clinical + ancestry PCs	367	0.7992424242424242	0.9337349397590361
clinical	Clinical + ancestry PCs	368	0.803030303030303	0.9337349397590361
clinical	Clinical + ancestry PCs	369	0.803030303030303	0.9397590361445783
clinical	Clinical + ancestry PCs	370	0.8068181818181818	0.9397590361445783
clinical	Clinical + ancestry PCs	371	0.8068181818181818	0.9457831325301205
clinical	Clinical + ancestry PCs	372	0.8106060606060606	0.9457831325301205
clinical	Clinical + ancestry PCs	373	0.8106060606060606	0.9518072289156626
clinical	Clinical + ancestry PCs	374	0.8143939393939394	0.9518072289156626
clinical	Clinical + ancestry PCs	375	0.8181818181818182	0.9518072289156626
clinical	Clinical + ancestry PCs	376	0.821969696969697	0.9518072289156626
clinical	Clinical + ancestry PCs	377	0.8257575757575758	0.9518072289156626
clinical	Clinical + ancestry PCs	378	0.8295454545454546	0.9518072289156626
clinical	Clinical + ancestry PCs	379	0.8333333333333334	0.9518072289156626
clinical	Clinical + ancestry PCs	380	0.8371212121212122	0.9518072289156626
clinical	Clinical + ancestry PCs	381	0.8371212121212122	0.9578313253012049
clinical	Clinical + ancestry PCs	382	0.8409090909090909	0.9578313253012049
clinical	Clinical + ancestry PCs	383	0.8446969696969697	0.9578313253012049
clinical	Clinical + ancestry PCs	384	0.8484848484848485	0.9578313253012049
clinical	Clinical + ancestry PCs	385	0.8522727272727273	0.9578313253012049
clinical	Clinical + ancestry PCs	386	0.8560606060606061	0.9578313253012049
clinical	Clinical + ancestry PCs	387	0.8598484848484849	0.9578313253012049
clinical	Clinical + ancestry PCs	388	0.8636363636363636	0.9578313253012049
clinical	Clinical + ancestry PCs	389	0.8674242424242424	0.9578313253012049
clinical	Clinical + ancestry PCs	390	0.8712121212121212	0.9578313253012049
clinical	Clinical + ancestry PCs	391	0.875	0.9578313253012049
clinical	Clinical + ancestry PCs	392	0.8787878787878788	0.9578313253012049
clinical	Clinical + ancestry PCs	393	0.8825757575757576	0.9578313253012049
clinical	Clinical + ancestry PCs	394	0.8863636363636364	0.9578313253012049
clinical	Clinical + ancestry PCs	395	0.8901515151515151	0.9578313253012049
clinical	Clinical + ancestry PCs	396	0.8939393939393939	0.9578313253012049
clinical	Clinical + ancestry PCs	397	0.8977272727272727	0.9578313253012049
clinical	Clinical + ancestry PCs	398	0.8977272727272727	0.963855421686747
clinical	Clinical + ancestry PCs	399	0.9015151515151515	0.963855421686747
clinical	Clinical + ancestry PCs	400	0.9053030303030303	0.963855421686747
clinical	Clinical + ancestry PCs	401	0.9090909090909091	0.963855421686747
clinical	Clinical + ancestry PCs	402	0.9128787878787878	0.963855421686747
clinical	Clinical + ancestry PCs	403	0.9128787878787878	0.9698795180722891
clinical	Clinical + ancestry PCs	404	0.9128787878787878	0.9759036144578314
clinical	Clinical + ancestry PCs	405	0.9166666666666666	0.9759036144578314
clinical	Clinical + ancestry PCs	406	0.9204545454545454	0.9759036144578314
clinical	Clinical + ancestry PCs	407	0.9242424242424242	0.9759036144578314
clinical	Clinical + ancestry PCs	408	0.928030303030303	0.9759036144578314
clinical	Clinical + ancestry PCs	409	0.9318181818181818	0.9759036144578314
clinical	Clinical + ancestry PCs	410	0.9356060606060606	0.9759036144578314
clinical	Clinical + ancestry PCs	411	0.9393939393939394	0.9759036144578314
clinical	Clinical + ancestry PCs	412	0.9431818181818182	0.9759036144578314
clinical	Clinical + ancestry PCs	413	0.9431818181818182	0.9819277108433735
clinical	Clinical + ancestry PCs	414	0.946969696969697	0.9819277108433735
clinical	Clinical + ancestry PCs	415	0.9507575757575758	0.9819277108433735
clinical	Clinical + ancestry PCs	416	0.9545454545454546	0.9819277108433735
clinical	Clinical + ancestry PCs	417	0.9583333333333334	0.9819277108433735
clinical	Clinical + ancestry PCs	418	0.9583333333333334	0.9879518072289156
clinical	Clinical + ancestry PCs	419	0.9621212121212122	0.9879518072289156
clinical	Clinical + ancestry PCs	420	0.9659090909090909	0.9879518072289156
clinical	Clinical + ancestry PCs	421	0.9696969696969697	0.9879518072289156
clinical	Clinical + ancestry PCs	422	0.9734848484848485	0.9879518072289156
clinical	Clinical + ancestry PCs	423	0.9772727272727273	0.9879518072289156
clinical	Clinical + ancestry PCs	424	0.9810606060606061	0.9879518072289156
clinical	Clinical + ancestry PCs	425	0.9810606060606061	0.9939759036144579
clinical	Clinical + ancestry PCs	426	0.9848484848484849	0.9939759036144579
clinical	Clinical + ancestry PCs	427	0.9886363636363636	0.9939759036144579
clinical	Clinical + ancestry PCs	428	0.9924242424242424	0.9939759036144579
clinical	Clinical + ancestry PCs	429	0.9962121212121212	0.9939759036144579
clinical	Clinical + ancestry PCs	430	0.9962121212121212	1.0
clinical	Clinical + ancestry PCs	431	1.0	1.0
combined	Clinical + ancestry PCs + 8 PRS	1	0.0	0.0
combined	Clinical + ancestry PCs + 8 PRS	2	0.0	0.006024096385542169
combined	Clinical + ancestry PCs + 8 PRS	3	0.0	0.012048192771084338
combined	Clinical + ancestry PCs + 8 PRS	4	0.0	0.018072289156626505
combined	Clinical + ancestry PCs + 8 PRS	5	0.0	0.024096385542168676
combined	Clinical + ancestry PCs + 8 PRS	6	0.0	0.030120481927710843
combined	Clinical + ancestry PCs + 8 PRS	7	0.0	0.03614457831325301
combined	Clinical + ancestry PCs + 8 PRS	8	0.0	0.04216867469879518
combined	Clinical + ancestry PCs + 8 PRS	9	0.0	0.04819277108433735
combined	Clinical + ancestry PCs + 8 PRS	10	0.0	0.05421686746987952
combined	Clinical + ancestry PCs + 8 PRS	11	0.003787878787878788	0.05421686746987952
combined	Clinical + ancestry PCs + 8 PRS	12	0.003787878787878788	0.060240963855421686
combined	Clinical + ancestry PCs + 8 PRS	13	0.003787878787878788	0.06626506024096386
combined	Clinical + ancestry PCs + 8 PRS	14	0.003787878787878788	0.07228915662650602
combined	Clinical + ancestry PCs + 8 PRS	15	0.007575757575757576	0.07228915662650602
combined	Clinical + ancestry PCs + 8 PRS	16	0.007575757575757576	0.0783132530120482
combined	Clinical + ancestry PCs + 8 PRS	17	0.007575757575757576	0.08433734939759036
combined	Clinical + ancestry PCs + 8 PRS	18	0.007575757575757576	0.09036144578313253
combined	Clinical + ancestry PCs + 8 PRS	19	0.011363636363636364	0.09036144578313253
combined	Clinical + ancestry PCs + 8 PRS	20	0.015151515151515152	0.09036144578313253
combined	Clinical + ancestry PCs + 8 PRS	21	0.015151515151515152	0.0963855421686747
combined	Clinical + ancestry PCs + 8 PRS	22	0.015151515151515152	0.10240963855421686
combined	Clinical + ancestry PCs + 8 PRS	23	0.015151515151515152	0.10843373493975904
combined	Clinical + ancestry PCs + 8 PRS	24	0.015151515151515152	0.1144578313253012
combined	Clinical + ancestry PCs + 8 PRS	25	0.015151515151515152	0.12048192771084337
combined	Clinical + ancestry PCs + 8 PRS	26	0.01893939393939394	0.12048192771084337
combined	Clinical + ancestry PCs + 8 PRS	27	0.01893939393939394	0.12650602409638553
combined	Clinical + ancestry PCs + 8 PRS	28	0.01893939393939394	0.13253012048192772
combined	Clinical + ancestry PCs + 8 PRS	29	0.01893939393939394	0.13855421686746988
combined	Clinical + ancestry PCs + 8 PRS	30	0.01893939393939394	0.14457831325301204
combined	Clinical + ancestry PCs + 8 PRS	31	0.01893939393939394	0.15060240963855423
combined	Clinical + ancestry PCs + 8 PRS	32	0.022727272727272728	0.15060240963855423
combined	Clinical + ancestry PCs + 8 PRS	33	0.026515151515151516	0.15060240963855423
combined	Clinical + ancestry PCs + 8 PRS	34	0.026515151515151516	0.1566265060240964
combined	Clinical + ancestry PCs + 8 PRS	35	0.030303030303030304	0.1566265060240964
combined	Clinical + ancestry PCs + 8 PRS	36	0.030303030303030304	0.16265060240963855
combined	Clinical + ancestry PCs + 8 PRS	37	0.03409090909090909	0.16265060240963855
combined	Clinical + ancestry PCs + 8 PRS	38	0.03409090909090909	0.1686746987951807
combined	Clinical + ancestry PCs + 8 PRS	39	0.03409090909090909	0.1746987951807229
combined	Clinical + ancestry PCs + 8 PRS	40	0.03409090909090909	0.18072289156626506
combined	Clinical + ancestry PCs + 8 PRS	41	0.03787878787878788	0.18072289156626506
combined	Clinical + ancestry PCs + 8 PRS	42	0.03787878787878788	0.18674698795180722
combined	Clinical + ancestry PCs + 8 PRS	43	0.041666666666666664	0.18674698795180722
combined	Clinical + ancestry PCs + 8 PRS	44	0.041666666666666664	0.1927710843373494
combined	Clinical + ancestry PCs + 8 PRS	45	0.041666666666666664	0.19879518072289157
combined	Clinical + ancestry PCs + 8 PRS	46	0.041666666666666664	0.20481927710843373
combined	Clinical + ancestry PCs + 8 PRS	47	0.045454545454545456	0.20481927710843373
combined	Clinical + ancestry PCs + 8 PRS	48	0.045454545454545456	0.21084337349397592
combined	Clinical + ancestry PCs + 8 PRS	49	0.045454545454545456	0.21686746987951808
combined	Clinical + ancestry PCs + 8 PRS	50	0.04924242424242424	0.21686746987951808
combined	Clinical + ancestry PCs + 8 PRS	51	0.04924242424242424	0.22289156626506024
combined	Clinical + ancestry PCs + 8 PRS	52	0.05303030303030303	0.22289156626506024
combined	Clinical + ancestry PCs + 8 PRS	53	0.056818181818181816	0.22289156626506024
combined	Clinical + ancestry PCs + 8 PRS	54	0.056818181818181816	0.2289156626506024
combined	Clinical + ancestry PCs + 8 PRS	55	0.056818181818181816	0.23493975903614459
combined	Clinical + ancestry PCs + 8 PRS	56	0.056818181818181816	0.24096385542168675
combined	Clinical + ancestry PCs + 8 PRS	57	0.056818181818181816	0.2469879518072289
combined	Clinical + ancestry PCs + 8 PRS	58	0.056818181818181816	0.25301204819277107
combined	Clinical + ancestry PCs + 8 PRS	59	0.06060606060606061	0.25301204819277107
combined	Clinical + ancestry PCs + 8 PRS	60	0.06060606060606061	0.25903614457831325
combined	Clinical + ancestry PCs + 8 PRS	61	0.06060606060606061	0.26506024096385544
combined	Clinical + ancestry PCs + 8 PRS	62	0.06439393939393939	0.26506024096385544
combined	Clinical + ancestry PCs + 8 PRS	63	0.06818181818181818	0.26506024096385544
combined	Clinical + ancestry PCs + 8 PRS	64	0.06818181818181818	0.2710843373493976
combined	Clinical + ancestry PCs + 8 PRS	65	0.06818181818181818	0.27710843373493976
combined	Clinical + ancestry PCs + 8 PRS	66	0.06818181818181818	0.28313253012048195
combined	Clinical + ancestry PCs + 8 PRS	67	0.07196969696969698	0.28313253012048195
combined	Clinical + ancestry PCs + 8 PRS	68	0.07575757575757576	0.28313253012048195
combined	Clinical + ancestry PCs + 8 PRS	69	0.07575757575757576	0.2891566265060241
combined	Clinical + ancestry PCs + 8 PRS	70	0.07575757575757576	0.29518072289156627
combined	Clinical + ancestry PCs + 8 PRS	71	0.07954545454545454	0.29518072289156627
combined	Clinical + ancestry PCs + 8 PRS	72	0.07954545454545454	0.30120481927710846
combined	Clinical + ancestry PCs + 8 PRS	73	0.08333333333333333	0.30120481927710846
combined	Clinical + ancestry PCs + 8 PRS	74	0.08712121212121213	0.30120481927710846
combined	Clinical + ancestry PCs + 8 PRS	75	0.08712121212121213	0.3072289156626506
combined	Clinical + ancestry PCs + 8 PRS	76	0.09090909090909091	0.3072289156626506
combined	Clinical + ancestry PCs + 8 PRS	77	0.0946969696969697	0.3072289156626506
combined	Clinical + ancestry PCs + 8 PRS	78	0.0946969696969697	0.3132530120481928
combined	Clinical + ancestry PCs + 8 PRS	79	0.09848484848484848	0.3132530120481928
combined	Clinical + ancestry PCs + 8 PRS	80	0.09848484848484848	0.3192771084337349
combined	Clinical + ancestry PCs + 8 PRS	81	0.09848484848484848	0.3253012048192771
combined	Clinical + ancestry PCs + 8 PRS	82	0.09848484848484848	0.3313253012048193
combined	Clinical + ancestry PCs + 8 PRS	83	0.10227272727272728	0.3313253012048193
combined	Clinical + ancestry PCs + 8 PRS	84	0.10227272727272728	0.3373493975903614
combined	Clinical + ancestry PCs + 8 PRS	85	0.10606060606060606	0.3373493975903614
combined	Clinical + ancestry PCs + 8 PRS	86	0.10606060606060606	0.3433734939759036
combined	Clinical + ancestry PCs + 8 PRS	87	0.10606060606060606	0.3493975903614458
combined	Clinical + ancestry PCs + 8 PRS	88	0.10606060606060606	0.35542168674698793
combined	Clinical + ancestry PCs + 8 PRS	89	0.10984848484848485	0.35542168674698793
combined	Clinical + ancestry PCs + 8 PRS	90	0.10984848484848485	0.3614457831325301
combined	Clinical + ancestry PCs + 8 PRS	91	0.11363636363636363	0.3614457831325301
combined	Clinical + ancestry PCs + 8 PRS	92	0.11363636363636363	0.3674698795180723
combined	Clinical + ancestry PCs + 8 PRS	93	0.11742424242424243	0.3674698795180723
combined	Clinical + ancestry PCs + 8 PRS	94	0.12121212121212122	0.3674698795180723
combined	Clinical + ancestry PCs + 8 PRS	95	0.125	0.3674698795180723
combined	Clinical + ancestry PCs + 8 PRS	96	0.125	0.37349397590361444
combined	Clinical + ancestry PCs + 8 PRS	97	0.12878787878787878	0.37349397590361444
combined	Clinical + ancestry PCs + 8 PRS	98	0.13257575757575757	0.37349397590361444
combined	Clinical + ancestry PCs + 8 PRS	99	0.13636363636363635	0.37349397590361444
combined	Clinical + ancestry PCs + 8 PRS	100	0.13636363636363635	0.3795180722891566
combined	Clinical + ancestry PCs + 8 PRS	101	0.14015151515151514	0.3795180722891566
combined	Clinical + ancestry PCs + 8 PRS	102	0.14015151515151514	0.3855421686746988
combined	Clinical + ancestry PCs + 8 PRS	103	0.14015151515151514	0.39156626506024095
combined	Clinical + ancestry PCs + 8 PRS	104	0.14015151515151514	0.39759036144578314
combined	Clinical + ancestry PCs + 8 PRS	105	0.14015151515151514	0.4036144578313253
combined	Clinical + ancestry PCs + 8 PRS	106	0.14393939393939395	0.4036144578313253
combined	Clinical + ancestry PCs + 8 PRS	107	0.14772727272727273	0.4036144578313253
combined	Clinical + ancestry PCs + 8 PRS	108	0.15151515151515152	0.4036144578313253
combined	Clinical + ancestry PCs + 8 PRS	109	0.1553030303030303	0.4036144578313253
combined	Clinical + ancestry PCs + 8 PRS	110	0.1553030303030303	0.40963855421686746
combined	Clinical + ancestry PCs + 8 PRS	111	0.1590909090909091	0.40963855421686746
combined	Clinical + ancestry PCs + 8 PRS	112	0.1590909090909091	0.41566265060240964
combined	Clinical + ancestry PCs + 8 PRS	113	0.1590909090909091	0.42168674698795183
combined	Clinical + ancestry PCs + 8 PRS	114	0.16287878787878787	0.42168674698795183
combined	Clinical + ancestry PCs + 8 PRS	115	0.16287878787878787	0.42771084337349397
combined	Clinical + ancestry PCs + 8 PRS	116	0.16666666666666666	0.42771084337349397
combined	Clinical + ancestry PCs + 8 PRS	117	0.17045454545454544	0.42771084337349397
combined	Clinical + ancestry PCs + 8 PRS	118	0.17424242424242425	0.42771084337349397
combined	Clinical + ancestry PCs + 8 PRS	119	0.17424242424242425	0.43373493975903615
combined	Clinical + ancestry PCs + 8 PRS	120	0.17803030303030304	0.43373493975903615
combined	Clinical + ancestry PCs + 8 PRS	121	0.18181818181818182	0.43373493975903615
combined	Clinical + ancestry PCs + 8 PRS	122	0.18181818181818182	0.4397590361445783
combined	Clinical + ancestry PCs + 8 PRS	123	0.18181818181818182	0.4457831325301205
combined	Clinical + ancestry PCs + 8 PRS	124	0.18181818181818182	0.45180722891566266
combined	Clinical + ancestry PCs + 8 PRS	125	0.1856060606060606	0.45180722891566266
combined	Clinical + ancestry PCs + 8 PRS	126	0.1856060606060606	0.4578313253012048
combined	Clinical + ancestry PCs + 8 PRS	127	0.1893939393939394	0.4578313253012048
combined	Clinical + ancestry PCs + 8 PRS	128	0.19318181818181818	0.4578313253012048
combined	Clinical + ancestry PCs + 8 PRS	129	0.19318181818181818	0.463855421686747
combined	Clinical + ancestry PCs + 8 PRS	130	0.19696969696969696	0.463855421686747
combined	Clinical + ancestry PCs + 8 PRS	131	0.20075757575757575	0.463855421686747
combined	Clinical + ancestry PCs + 8 PRS	132	0.20454545454545456	0.463855421686747
combined	Clinical + ancestry PCs + 8 PRS	133	0.20454545454545456	0.46987951807228917
combined	Clinical + ancestry PCs + 8 PRS	134	0.20833333333333334	0.46987951807228917
combined	Clinical + ancestry PCs + 8 PRS	135	0.20833333333333334	0.4759036144578313
combined	Clinical + ancestry PCs + 8 PRS	136	0.20833333333333334	0.4819277108433735
combined	Clinical + ancestry PCs + 8 PRS	137	0.20833333333333334	0.4879518072289157
combined	Clinical + ancestry PCs + 8 PRS	138	0.21212121212121213	0.4879518072289157
combined	Clinical + ancestry PCs + 8 PRS	139	0.21212121212121213	0.4939759036144578
combined	Clinical + ancestry PCs + 8 PRS	140	0.21212121212121213	0.5
combined	Clinical + ancestry PCs + 8 PRS	141	0.21212121212121213	0.5060240963855421
combined	Clinical + ancestry PCs + 8 PRS	142	0.21212121212121213	0.5120481927710844
combined	Clinical + ancestry PCs + 8 PRS	143	0.2159090909090909	0.5120481927710844
combined	Clinical + ancestry PCs + 8 PRS	144	0.2159090909090909	0.5180722891566265
combined	Clinical + ancestry PCs + 8 PRS	145	0.2196969696969697	0.5180722891566265
combined	Clinical + ancestry PCs + 8 PRS	146	0.22348484848484848	0.5180722891566265
combined	Clinical + ancestry PCs + 8 PRS	147	0.22727272727272727	0.5180722891566265
combined	Clinical + ancestry PCs + 8 PRS	148	0.23106060606060605	0.5180722891566265
combined	Clinical + ancestry PCs + 8 PRS	149	0.23106060606060605	0.5240963855421686
combined	Clinical + ancestry PCs + 8 PRS	150	0.23484848484848486	0.5240963855421686
combined	Clinical + ancestry PCs + 8 PRS	151	0.23484848484848486	0.5301204819277109
combined	Clinical + ancestry PCs + 8 PRS	152	0.23863636363636365	0.5301204819277109
combined	Clinical + ancestry PCs + 8 PRS	153	0.24242424242424243	0.5301204819277109
combined	Clinical + ancestry PCs + 8 PRS	154	0.24621212121212122	0.5301204819277109
combined	Clinical + ancestry PCs + 8 PRS	155	0.25	0.5301204819277109
combined	Clinical + ancestry PCs + 8 PRS	156	0.25	0.536144578313253
combined	Clinical + ancestry PCs + 8 PRS	157	0.2537878787878788	0.536144578313253
combined	Clinical + ancestry PCs + 8 PRS	158	0.2537878787878788	0.5421686746987951
combined	Clinical + ancestry PCs + 8 PRS	159	0.25757575757575757	0.5421686746987951
combined	Clinical + ancestry PCs + 8 PRS	160	0.25757575757575757	0.5481927710843374
combined	Clinical + ancestry PCs + 8 PRS	161	0.26136363636363635	0.5481927710843374
combined	Clinical + ancestry PCs + 8 PRS	162	0.26515151515151514	0.5481927710843374
combined	Clinical + ancestry PCs + 8 PRS	163	0.2689393939393939	0.5481927710843374
combined	Clinical + ancestry PCs + 8 PRS	164	0.2727272727272727	0.5481927710843374
combined	Clinical + ancestry PCs + 8 PRS	165	0.2765151515151515	0.5481927710843374
combined	Clinical + ancestry PCs + 8 PRS	166	0.2803030303030303	0.5481927710843374
combined	Clinical + ancestry PCs + 8 PRS	167	0.2840909090909091	0.5481927710843374
combined	Clinical + ancestry PCs + 8 PRS	168	0.2840909090909091	0.5542168674698795
combined	Clinical + ancestry PCs + 8 PRS	169	0.2840909090909091	0.5602409638554217
combined	Clinical + ancestry PCs + 8 PRS	170	0.2840909090909091	0.5662650602409639
combined	Clinical + ancestry PCs + 8 PRS	171	0.2840909090909091	0.572289156626506
combined	Clinical + ancestry PCs + 8 PRS	172	0.2878787878787879	0.572289156626506
combined	Clinical + ancestry PCs + 8 PRS	173	0.2916666666666667	0.572289156626506
combined	Clinical + ancestry PCs + 8 PRS	174	0.29545454545454547	0.572289156626506
combined	Clinical + ancestry PCs + 8 PRS	175	0.29545454545454547	0.5783132530120482
combined	Clinical + ancestry PCs + 8 PRS	176	0.29924242424242425	0.5783132530120482
combined	Clinical + ancestry PCs + 8 PRS	177	0.29924242424242425	0.5843373493975904
combined	Clinical + ancestry PCs + 8 PRS	178	0.30303030303030304	0.5843373493975904
combined	Clinical + ancestry PCs + 8 PRS	179	0.30303030303030304	0.5903614457831325
combined	Clinical + ancestry PCs + 8 PRS	180	0.3068181818181818	0.5903614457831325
combined	Clinical + ancestry PCs + 8 PRS	181	0.3106060606060606	0.5903614457831325
combined	Clinical + ancestry PCs + 8 PRS	182	0.3143939393939394	0.5903614457831325
combined	Clinical + ancestry PCs + 8 PRS	183	0.3181818181818182	0.5903614457831325
combined	Clinical + ancestry PCs + 8 PRS	184	0.32196969696969696	0.5903614457831325
combined	Clinical + ancestry PCs + 8 PRS	185	0.32575757575757575	0.5903614457831325
combined	Clinical + ancestry PCs + 8 PRS	186	0.32954545454545453	0.5903614457831325
combined	Clinical + ancestry PCs + 8 PRS	187	0.32954545454545453	0.5963855421686747
combined	Clinical + ancestry PCs + 8 PRS	188	0.32954545454545453	0.6024096385542169
combined	Clinical + ancestry PCs + 8 PRS	189	0.3333333333333333	0.6024096385542169
combined	Clinical + ancestry PCs + 8 PRS	190	0.3333333333333333	0.608433734939759
combined	Clinical + ancestry PCs + 8 PRS	191	0.3371212121212121	0.608433734939759
combined	Clinical + ancestry PCs + 8 PRS	192	0.3371212121212121	0.6144578313253012
combined	Clinical + ancestry PCs + 8 PRS	193	0.3409090909090909	0.6144578313253012
combined	Clinical + ancestry PCs + 8 PRS	194	0.3446969696969697	0.6144578313253012
combined	Clinical + ancestry PCs + 8 PRS	195	0.3446969696969697	0.6204819277108434
combined	Clinical + ancestry PCs + 8 PRS	196	0.3484848484848485	0.6204819277108434
combined	Clinical + ancestry PCs + 8 PRS	197	0.3522727272727273	0.6204819277108434
combined	Clinical + ancestry PCs + 8 PRS	198	0.3560606060606061	0.6204819277108434
combined	Clinical + ancestry PCs + 8 PRS	199	0.3560606060606061	0.6265060240963856
combined	Clinical + ancestry PCs + 8 PRS	200	0.35984848484848486	0.6265060240963856
combined	Clinical + ancestry PCs + 8 PRS	201	0.36363636363636365	0.6265060240963856
combined	Clinical + ancestry PCs + 8 PRS	202	0.36742424242424243	0.6265060240963856
combined	Clinical + ancestry PCs + 8 PRS	203	0.36742424242424243	0.6325301204819277
combined	Clinical + ancestry PCs + 8 PRS	204	0.36742424242424243	0.6385542168674698
combined	Clinical + ancestry PCs + 8 PRS	205	0.3712121212121212	0.6385542168674698
combined	Clinical + ancestry PCs + 8 PRS	206	0.375	0.6385542168674698
combined	Clinical + ancestry PCs + 8 PRS	207	0.375	0.6445783132530121
combined	Clinical + ancestry PCs + 8 PRS	208	0.3787878787878788	0.6445783132530121
combined	Clinical + ancestry PCs + 8 PRS	209	0.3787878787878788	0.6506024096385542
combined	Clinical + ancestry PCs + 8 PRS	210	0.38257575757575757	0.6506024096385542
combined	Clinical + ancestry PCs + 8 PRS	211	0.38636363636363635	0.6506024096385542
combined	Clinical + ancestry PCs + 8 PRS	212	0.38636363636363635	0.6566265060240963
combined	Clinical + ancestry PCs + 8 PRS	213	0.39015151515151514	0.6566265060240963
combined	Clinical + ancestry PCs + 8 PRS	214	0.3939393939393939	0.6566265060240963
combined	Clinical + ancestry PCs + 8 PRS	215	0.3977272727272727	0.6566265060240963
combined	Clinical + ancestry PCs + 8 PRS	216	0.4015151515151515	0.6566265060240963
combined	Clinical + ancestry PCs + 8 PRS	217	0.4015151515151515	0.6626506024096386
combined	Clinical + ancestry PCs + 8 PRS	218	0.4015151515151515	0.6686746987951807
combined	Clinical + ancestry PCs + 8 PRS	219	0.4053030303030303	0.6686746987951807
combined	Clinical + ancestry PCs + 8 PRS	220	0.4053030303030303	0.6746987951807228
combined	Clinical + ancestry PCs + 8 PRS	221	0.4053030303030303	0.6807228915662651
combined	Clinical + ancestry PCs + 8 PRS	222	0.4090909090909091	0.6807228915662651
combined	Clinical + ancestry PCs + 8 PRS	223	0.4090909090909091	0.6867469879518072
combined	Clinical + ancestry PCs + 8 PRS	224	0.4128787878787879	0.6867469879518072
combined	Clinical + ancestry PCs + 8 PRS	225	0.4128787878787879	0.6927710843373494
combined	Clinical + ancestry PCs + 8 PRS	226	0.4166666666666667	0.6927710843373494
combined	Clinical + ancestry PCs + 8 PRS	227	0.42045454545454547	0.6927710843373494
combined	Clinical + ancestry PCs + 8 PRS	228	0.42045454545454547	0.6987951807228916
combined	Clinical + ancestry PCs + 8 PRS	229	0.42045454545454547	0.7048192771084337
combined	Clinical + ancestry PCs + 8 PRS	230	0.42424242424242425	0.7048192771084337
combined	Clinical + ancestry PCs + 8 PRS	231	0.42424242424242425	0.7108433734939759
combined	Clinical + ancestry PCs + 8 PRS	232	0.42803030303030304	0.7108433734939759
combined	Clinical + ancestry PCs + 8 PRS	233	0.4318181818181818	0.7108433734939759
combined	Clinical + ancestry PCs + 8 PRS	234	0.4356060606060606	0.7108433734939759
combined	Clinical + ancestry PCs + 8 PRS	235	0.4393939393939394	0.7108433734939759
combined	Clinical + ancestry PCs + 8 PRS	236	0.4431818181818182	0.7108433734939759
combined	Clinical + ancestry PCs + 8 PRS	237	0.4431818181818182	0.7168674698795181
combined	Clinical + ancestry PCs + 8 PRS	238	0.44696969696969696	0.7168674698795181
combined	Clinical + ancestry PCs + 8 PRS	239	0.44696969696969696	0.7228915662650602
combined	Clinical + ancestry PCs + 8 PRS	240	0.45075757575757575	0.7228915662650602
combined	Clinical + ancestry PCs + 8 PRS	241	0.45075757575757575	0.7289156626506024
combined	Clinical + ancestry PCs + 8 PRS	242	0.45454545454545453	0.7289156626506024
combined	Clinical + ancestry PCs + 8 PRS	243	0.4583333333333333	0.7289156626506024
combined	Clinical + ancestry PCs + 8 PRS	244	0.4583333333333333	0.7349397590361446
combined	Clinical + ancestry PCs + 8 PRS	245	0.4621212121212121	0.7349397590361446
combined	Clinical + ancestry PCs + 8 PRS	246	0.4659090909090909	0.7349397590361446
combined	Clinical + ancestry PCs + 8 PRS	247	0.4696969696969697	0.7349397590361446
combined	Clinical + ancestry PCs + 8 PRS	248	0.4734848484848485	0.7349397590361446
combined	Clinical + ancestry PCs + 8 PRS	249	0.4772727272727273	0.7349397590361446
combined	Clinical + ancestry PCs + 8 PRS	250	0.4810606060606061	0.7349397590361446
combined	Clinical + ancestry PCs + 8 PRS	251	0.4810606060606061	0.7409638554216867
combined	Clinical + ancestry PCs + 8 PRS	252	0.4810606060606061	0.7469879518072289
combined	Clinical + ancestry PCs + 8 PRS	253	0.48484848484848486	0.7469879518072289
combined	Clinical + ancestry PCs + 8 PRS	254	0.48863636363636365	0.7469879518072289
combined	Clinical + ancestry PCs + 8 PRS	255	0.49242424242424243	0.7469879518072289
combined	Clinical + ancestry PCs + 8 PRS	256	0.49242424242424243	0.7530120481927711
combined	Clinical + ancestry PCs + 8 PRS	257	0.49242424242424243	0.7590361445783133
combined	Clinical + ancestry PCs + 8 PRS	258	0.4962121212121212	0.7590361445783133
combined	Clinical + ancestry PCs + 8 PRS	259	0.5	0.7590361445783133
combined	Clinical + ancestry PCs + 8 PRS	260	0.5037878787878788	0.7590361445783133
combined	Clinical + ancestry PCs + 8 PRS	261	0.5037878787878788	0.7650602409638554
combined	Clinical + ancestry PCs + 8 PRS	262	0.5037878787878788	0.7710843373493976
combined	Clinical + ancestry PCs + 8 PRS	263	0.5075757575757576	0.7710843373493976
combined	Clinical + ancestry PCs + 8 PRS	264	0.5113636363636364	0.7710843373493976
combined	Clinical + ancestry PCs + 8 PRS	265	0.5151515151515151	0.7710843373493976
combined	Clinical + ancestry PCs + 8 PRS	266	0.5189393939393939	0.7710843373493976
combined	Clinical + ancestry PCs + 8 PRS	267	0.5227272727272727	0.7710843373493976
combined	Clinical + ancestry PCs + 8 PRS	268	0.5265151515151515	0.7710843373493976
combined	Clinical + ancestry PCs + 8 PRS	269	0.5303030303030303	0.7710843373493976
combined	Clinical + ancestry PCs + 8 PRS	270	0.5340909090909091	0.7710843373493976
combined	Clinical + ancestry PCs + 8 PRS	271	0.5378787878787878	0.7710843373493976
combined	Clinical + ancestry PCs + 8 PRS	272	0.5416666666666666	0.7710843373493976
combined	Clinical + ancestry PCs + 8 PRS	273	0.5454545454545454	0.7710843373493976
combined	Clinical + ancestry PCs + 8 PRS	274	0.5492424242424242	0.7710843373493976
combined	Clinical + ancestry PCs + 8 PRS	275	0.553030303030303	0.7710843373493976
combined	Clinical + ancestry PCs + 8 PRS	276	0.5568181818181818	0.7710843373493976
combined	Clinical + ancestry PCs + 8 PRS	277	0.5606060606060606	0.7710843373493976
combined	Clinical + ancestry PCs + 8 PRS	278	0.5643939393939394	0.7710843373493976
combined	Clinical + ancestry PCs + 8 PRS	279	0.5681818181818182	0.7710843373493976
combined	Clinical + ancestry PCs + 8 PRS	280	0.5681818181818182	0.7771084337349398
combined	Clinical + ancestry PCs + 8 PRS	281	0.571969696969697	0.7771084337349398
combined	Clinical + ancestry PCs + 8 PRS	282	0.571969696969697	0.7831325301204819
combined	Clinical + ancestry PCs + 8 PRS	283	0.5757575757575758	0.7831325301204819
combined	Clinical + ancestry PCs + 8 PRS	284	0.5795454545454546	0.7831325301204819
combined	Clinical + ancestry PCs + 8 PRS	285	0.5795454545454546	0.7891566265060241
combined	Clinical + ancestry PCs + 8 PRS	286	0.5833333333333334	0.7891566265060241
combined	Clinical + ancestry PCs + 8 PRS	287	0.5871212121212122	0.7891566265060241
combined	Clinical + ancestry PCs + 8 PRS	288	0.5909090909090909	0.7891566265060241
combined	Clinical + ancestry PCs + 8 PRS	289	0.5909090909090909	0.7951807228915663
combined	Clinical + ancestry PCs + 8 PRS	290	0.5946969696969697	0.7951807228915663
combined	Clinical + ancestry PCs + 8 PRS	291	0.5984848484848485	0.7951807228915663
combined	Clinical + ancestry PCs + 8 PRS	292	0.5984848484848485	0.8012048192771084
combined	Clinical + ancestry PCs + 8 PRS	293	0.5984848484848485	0.8072289156626506
combined	Clinical + ancestry PCs + 8 PRS	294	0.5984848484848485	0.8132530120481928
combined	Clinical + ancestry PCs + 8 PRS	295	0.6022727272727273	0.8132530120481928
combined	Clinical + ancestry PCs + 8 PRS	296	0.6022727272727273	0.8192771084337349
combined	Clinical + ancestry PCs + 8 PRS	297	0.6060606060606061	0.8192771084337349
combined	Clinical + ancestry PCs + 8 PRS	298	0.6098484848484849	0.8192771084337349
combined	Clinical + ancestry PCs + 8 PRS	299	0.6136363636363636	0.8192771084337349
combined	Clinical + ancestry PCs + 8 PRS	300	0.6174242424242424	0.8192771084337349
combined	Clinical + ancestry PCs + 8 PRS	301	0.6174242424242424	0.8253012048192772
combined	Clinical + ancestry PCs + 8 PRS	302	0.6212121212121212	0.8253012048192772
combined	Clinical + ancestry PCs + 8 PRS	303	0.625	0.8253012048192772
combined	Clinical + ancestry PCs + 8 PRS	304	0.6287878787878788	0.8253012048192772
combined	Clinical + ancestry PCs + 8 PRS	305	0.6325757575757576	0.8253012048192772
combined	Clinical + ancestry PCs + 8 PRS	306	0.6325757575757576	0.8313253012048193
combined	Clinical + ancestry PCs + 8 PRS	307	0.6325757575757576	0.8373493975903614
combined	Clinical + ancestry PCs + 8 PRS	308	0.6363636363636364	0.8373493975903614
combined	Clinical + ancestry PCs + 8 PRS	309	0.6363636363636364	0.8433734939759037
combined	Clinical + ancestry PCs + 8 PRS	310	0.6401515151515151	0.8433734939759037
combined	Clinical + ancestry PCs + 8 PRS	311	0.6401515151515151	0.8493975903614458
combined	Clinical + ancestry PCs + 8 PRS	312	0.6439393939393939	0.8493975903614458
combined	Clinical + ancestry PCs + 8 PRS	313	0.6477272727272727	0.8493975903614458
combined	Clinical + ancestry PCs + 8 PRS	314	0.6515151515151515	0.8493975903614458
combined	Clinical + ancestry PCs + 8 PRS	315	0.6553030303030303	0.8493975903614458
combined	Clinical + ancestry PCs + 8 PRS	316	0.6553030303030303	0.8554216867469879
combined	Clinical + ancestry PCs + 8 PRS	317	0.6590909090909091	0.8554216867469879
combined	Clinical + ancestry PCs + 8 PRS	318	0.6628787878787878	0.8554216867469879
combined	Clinical + ancestry PCs + 8 PRS	319	0.6666666666666666	0.8554216867469879
combined	Clinical + ancestry PCs + 8 PRS	320	0.6666666666666666	0.8614457831325302
combined	Clinical + ancestry PCs + 8 PRS	321	0.6704545454545454	0.8614457831325302
combined	Clinical + ancestry PCs + 8 PRS	322	0.6742424242424242	0.8614457831325302
combined	Clinical + ancestry PCs + 8 PRS	323	0.6742424242424242	0.8674698795180723
combined	Clinical + ancestry PCs + 8 PRS	324	0.678030303030303	0.8674698795180723
combined	Clinical + ancestry PCs + 8 PRS	325	0.678030303030303	0.8734939759036144
combined	Clinical + ancestry PCs + 8 PRS	326	0.6818181818181818	0.8734939759036144
combined	Clinical + ancestry PCs + 8 PRS	327	0.6856060606060606	0.8734939759036144
combined	Clinical + ancestry PCs + 8 PRS	328	0.6893939393939394	0.8734939759036144
combined	Clinical + ancestry PCs + 8 PRS	329	0.6931818181818182	0.8734939759036144
combined	Clinical + ancestry PCs + 8 PRS	330	0.6931818181818182	0.8795180722891566
combined	Clinical + ancestry PCs + 8 PRS	331	0.6931818181818182	0.8855421686746988
combined	Clinical + ancestry PCs + 8 PRS	332	0.696969696969697	0.8855421686746988
combined	Clinical + ancestry PCs + 8 PRS	333	0.7007575757575758	0.8855421686746988
combined	Clinical + ancestry PCs + 8 PRS	334	0.7045454545454546	0.8855421686746988
combined	Clinical + ancestry PCs + 8 PRS	335	0.7045454545454546	0.891566265060241
combined	Clinical + ancestry PCs + 8 PRS	336	0.7083333333333334	0.891566265060241
combined	Clinical + ancestry PCs + 8 PRS	337	0.7121212121212122	0.891566265060241
combined	Clinical + ancestry PCs + 8 PRS	338	0.7159090909090909	0.891566265060241
combined	Clinical + ancestry PCs + 8 PRS	339	0.7159090909090909	0.8975903614457831
combined	Clinical + ancestry PCs + 8 PRS	340	0.7196969696969697	0.8975903614457831
combined	Clinical + ancestry PCs + 8 PRS	341	0.7234848484848485	0.8975903614457831
combined	Clinical + ancestry PCs + 8 PRS	342	0.7272727272727273	0.8975903614457831
combined	Clinical + ancestry PCs + 8 PRS	343	0.7310606060606061	0.8975903614457831
combined	Clinical + ancestry PCs + 8 PRS	344	0.7348484848484849	0.8975903614457831
combined	Clinical + ancestry PCs + 8 PRS	345	0.7386363636363636	0.8975903614457831
combined	Clinical + ancestry PCs + 8 PRS	346	0.7424242424242424	0.8975903614457831
combined	Clinical + ancestry PCs + 8 PRS	347	0.7424242424242424	0.9036144578313253
combined	Clinical + ancestry PCs + 8 PRS	348	0.7462121212121212	0.9036144578313253
combined	Clinical + ancestry PCs + 8 PRS	349	0.75	0.9036144578313253
combined	Clinical + ancestry PCs + 8 PRS	350	0.7537878787878788	0.9036144578313253
combined	Clinical + ancestry PCs + 8 PRS	351	0.7575757575757576	0.9036144578313253
combined	Clinical + ancestry PCs + 8 PRS	352	0.7613636363636364	0.9036144578313253
combined	Clinical + ancestry PCs + 8 PRS	353	0.7651515151515151	0.9036144578313253
combined	Clinical + ancestry PCs + 8 PRS	354	0.7689393939393939	0.9036144578313253
combined	Clinical + ancestry PCs + 8 PRS	355	0.7727272727272727	0.9036144578313253
combined	Clinical + ancestry PCs + 8 PRS	356	0.7765151515151515	0.9036144578313253
combined	Clinical + ancestry PCs + 8 PRS	357	0.7803030303030303	0.9036144578313253
combined	Clinical + ancestry PCs + 8 PRS	358	0.7840909090909091	0.9036144578313253
combined	Clinical + ancestry PCs + 8 PRS	359	0.7878787878787878	0.9036144578313253
combined	Clinical + ancestry PCs + 8 PRS	360	0.7878787878787878	0.9096385542168675
combined	Clinical + ancestry PCs + 8 PRS	361	0.7916666666666666	0.9096385542168675
combined	Clinical + ancestry PCs + 8 PRS	362	0.7954545454545454	0.9096385542168675
combined	Clinical + ancestry PCs + 8 PRS	363	0.7992424242424242	0.9096385542168675
combined	Clinical + ancestry PCs + 8 PRS	364	0.803030303030303	0.9096385542168675
combined	Clinical + ancestry PCs + 8 PRS	365	0.803030303030303	0.9156626506024096
combined	Clinical + ancestry PCs + 8 PRS	366	0.8068181818181818	0.9156626506024096
combined	Clinical + ancestry PCs + 8 PRS	367	0.8068181818181818	0.9216867469879518
combined	Clinical + ancestry PCs + 8 PRS	368	0.8068181818181818	0.927710843373494
combined	Clinical + ancestry PCs + 8 PRS	369	0.8106060606060606	0.927710843373494
combined	Clinical + ancestry PCs + 8 PRS	370	0.8106060606060606	0.9337349397590361
combined	Clinical + ancestry PCs + 8 PRS	371	0.8143939393939394	0.9337349397590361
combined	Clinical + ancestry PCs + 8 PRS	372	0.8181818181818182	0.9337349397590361
combined	Clinical + ancestry PCs + 8 PRS	373	0.821969696969697	0.9337349397590361
combined	Clinical + ancestry PCs + 8 PRS	374	0.821969696969697	0.9397590361445783
combined	Clinical + ancestry PCs + 8 PRS	375	0.821969696969697	0.9457831325301205
combined	Clinical + ancestry PCs + 8 PRS	376	0.8257575757575758	0.9457831325301205
combined	Clinical + ancestry PCs + 8 PRS	377	0.8295454545454546	0.9457831325301205
combined	Clinical + ancestry PCs + 8 PRS	378	0.8295454545454546	0.9518072289156626
combined	Clinical + ancestry PCs + 8 PRS	379	0.8333333333333334	0.9518072289156626
combined	Clinical + ancestry PCs + 8 PRS	380	0.8333333333333334	0.9578313253012049
combined	Clinical + ancestry PCs + 8 PRS	381	0.8371212121212122	0.9578313253012049
combined	Clinical + ancestry PCs + 8 PRS	382	0.8409090909090909	0.9578313253012049
combined	Clinical + ancestry PCs + 8 PRS	383	0.8446969696969697	0.9578313253012049
combined	Clinical + ancestry PCs + 8 PRS	384	0.8484848484848485	0.9578313253012049
combined	Clinical + ancestry PCs + 8 PRS	385	0.8522727272727273	0.9578313253012049
combined	Clinical + ancestry PCs + 8 PRS	386	0.8560606060606061	0.9578313253012049
combined	Clinical + ancestry PCs + 8 PRS	387	0.8598484848484849	0.9578313253012049
combined	Clinical + ancestry PCs + 8 PRS	388	0.8636363636363636	0.9578313253012049
combined	Clinical + ancestry PCs + 8 PRS	389	0.8674242424242424	0.9578313253012049
combined	Clinical + ancestry PCs + 8 PRS	390	0.8712121212121212	0.9578313253012049
combined	Clinical + ancestry PCs + 8 PRS	391	0.875	0.9578313253012049
combined	Clinical + ancestry PCs + 8 PRS	392	0.8787878787878788	0.9578313253012049
combined	Clinical + ancestry PCs + 8 PRS	393	0.8825757575757576	0.9578313253012049
combined	Clinical + ancestry PCs + 8 PRS	394	0.8863636363636364	0.9578313253012049
combined	Clinical + ancestry PCs + 8 PRS	395	0.8901515151515151	0.9578313253012049
combined	Clinical + ancestry PCs + 8 PRS	396	0.8939393939393939	0.9578313253012049
combined	Clinical + ancestry PCs + 8 PRS	397	0.8977272727272727	0.9578313253012049
combined	Clinical + ancestry PCs + 8 PRS	398	0.8977272727272727	0.963855421686747
combined	Clinical + ancestry PCs + 8 PRS	399	0.9015151515151515	0.963855421686747
combined	Clinical + ancestry PCs + 8 PRS	400	0.9015151515151515	0.9698795180722891
combined	Clinical + ancestry PCs + 8 PRS	401	0.9053030303030303	0.9698795180722891
combined	Clinical + ancestry PCs + 8 PRS	402	0.9090909090909091	0.9698795180722891
combined	Clinical + ancestry PCs + 8 PRS	403	0.9128787878787878	0.9698795180722891
combined	Clinical + ancestry PCs + 8 PRS	404	0.9166666666666666	0.9698795180722891
combined	Clinical + ancestry PCs + 8 PRS	405	0.9204545454545454	0.9698795180722891
combined	Clinical + ancestry PCs + 8 PRS	406	0.9242424242424242	0.9698795180722891
combined	Clinical + ancestry PCs + 8 PRS	407	0.9242424242424242	0.9759036144578314
combined	Clinical + ancestry PCs + 8 PRS	408	0.928030303030303	0.9759036144578314
combined	Clinical + ancestry PCs + 8 PRS	409	0.928030303030303	0.9819277108433735
combined	Clinical + ancestry PCs + 8 PRS	410	0.9318181818181818	0.9819277108433735
combined	Clinical + ancestry PCs + 8 PRS	411	0.9356060606060606	0.9819277108433735
combined	Clinical + ancestry PCs + 8 PRS	412	0.9393939393939394	0.9819277108433735
combined	Clinical + ancestry PCs + 8 PRS	413	0.9431818181818182	0.9819277108433735
combined	Clinical + ancestry PCs + 8 PRS	414	0.946969696969697	0.9819277108433735
combined	Clinical + ancestry PCs + 8 PRS	415	0.9507575757575758	0.9819277108433735
combined	Clinical + ancestry PCs + 8 PRS	416	0.9545454545454546	0.9819277108433735
combined	Clinical + ancestry PCs + 8 PRS	417	0.9545454545454546	0.9879518072289156
combined	Clinical + ancestry PCs + 8 PRS	418	0.9583333333333334	0.9879518072289156
combined	Clinical + ancestry PCs + 8 PRS	419	0.9621212121212122	0.9879518072289156
combined	Clinical + ancestry PCs + 8 PRS	420	0.9659090909090909	0.9879518072289156
combined	Clinical + ancestry PCs + 8 PRS	421	0.9696969696969697	0.9879518072289156
combined	Clinical + ancestry PCs + 8 PRS	422	0.9734848484848485	0.9879518072289156
combined	Clinical + ancestry PCs + 8 PRS	423	0.9772727272727273	0.9879518072289156
combined	Clinical + ancestry PCs + 8 PRS	424	0.9810606060606061	0.9879518072289156
combined	Clinical + ancestry PCs + 8 PRS	425	0.9848484848484849	0.9879518072289156
combined	Clinical + ancestry PCs + 8 PRS	426	0.9848484848484849	0.9939759036144579
combined	Clinical + ancestry PCs + 8 PRS	427	0.9886363636363636	0.9939759036144579
combined	Clinical + ancestry PCs + 8 PRS	428	0.9924242424242424	0.9939759036144579
combined	Clinical + ancestry PCs + 8 PRS	429	0.9924242424242424	1.0
combined	Clinical + ancestry PCs + 8 PRS	430	0.9962121212121212	1.0
combined	Clinical + ancestry PCs + 8 PRS	431	1.0	1.0
