outer_repeat	outer_fold	fit_id	term	coefficient	nonzero	coefficient_sign	selected_alpha	selected_lambda	sparse_fit
1	1	R01F01	ANX	-0.0018325190502518	True	negative	0.0	0.419425010313919	False
1	1	R01F01	BIP	-0.0126967591057694	True	negative	0.0	0.419425010313919	False
1	1	R01F01	EA	0.0382071038749262	True	positive	0.0	0.419425010313919	False
1	1	R01F01	INSOM	0.0078699499849547	True	positive	0.0	0.419425010313919	False
1	1	R01F01	MDD	0.0024611673076945	True	positive	0.0	0.419425010313919	False
1	1	R01F01	NEUR	0.0062499080429663	True	positive	0.0	0.419425010313919	False
1	1	R01F01	SCZ	-0.0467080640181116	True	negative	0.0	0.419425010313919	False
1	1	R01F01	SWB	-0.0212286757945799	True	negative	0.0	0.419425010313919	False
1	2	R01F02	ANX	0.0	False	zero	1.0	0.0367776200736045	True
1	2	R01F02	BIP	0.0	False	zero	1.0	0.0367776200736045	True
1	2	R01F02	EA	0.0	False	zero	1.0	0.0367776200736045	True
1	2	R01F02	INSOM	0.0	False	zero	1.0	0.0367776200736045	True
1	2	R01F02	MDD	0.0	False	zero	1.0	0.0367776200736045	True
1	2	R01F02	NEUR	0.0	False	zero	1.0	0.0367776200736045	True
1	2	R01F02	SCZ	0.0	False	zero	1.0	0.0367776200736045	True
1	2	R01F02	SWB	0.0	False	zero	1.0	0.0367776200736045	True
1	3	R01F03	ANX	0.0	False	zero	0.1	0.144924804306539	True
1	3	R01F03	BIP	0.0	False	zero	0.1	0.144924804306539	True
1	3	R01F03	EA	0.0516535527016374	True	positive	0.1	0.144924804306539	True
1	3	R01F03	INSOM	0.0	False	zero	0.1	0.144924804306539	True
1	3	R01F03	MDD	0.0	False	zero	0.1	0.144924804306539	True
1	3	R01F03	NEUR	0.0	False	zero	0.1	0.144924804306539	True
1	3	R01F03	SCZ	-0.0164933257813233	True	negative	0.1	0.144924804306539	True
1	3	R01F03	SWB	0.0	False	zero	0.1	0.144924804306539	True
1	4	R01F04	ANX	0.0051372769438587	True	positive	0.0	0.761693989857824	False
1	4	R01F04	BIP	-0.0166469713545004	True	negative	0.0	0.761693989857824	False
1	4	R01F04	EA	0.0281871320151005	True	positive	0.0	0.761693989857824	False
1	4	R01F04	INSOM	0.0020464552445615	True	positive	0.0	0.761693989857824	False
1	4	R01F04	MDD	-0.005973346381908	True	negative	0.0	0.761693989857824	False
1	4	R01F04	NEUR	-0.0079991573104215	True	negative	0.0	0.761693989857824	False
1	4	R01F04	SCZ	-0.033386678246477	True	negative	0.0	0.761693989857824	False
1	4	R01F04	SWB	-0.0051282823101051	True	negative	0.0	0.761693989857824	False
1	5	R01F05	ANX	0.0	False	zero	1.0	0.0180990553744494	True
1	5	R01F05	BIP	0.0	False	zero	1.0	0.0180990553744494	True
1	5	R01F05	EA	0.0	False	zero	1.0	0.0180990553744494	True
1	5	R01F05	INSOM	0.0	False	zero	1.0	0.0180990553744494	True
1	5	R01F05	MDD	0.0	False	zero	1.0	0.0180990553744494	True
1	5	R01F05	NEUR	0.0	False	zero	1.0	0.0180990553744494	True
1	5	R01F05	SCZ	-0.118186444815055	True	negative	1.0	0.0180990553744494	True
1	5	R01F05	SWB	0.0	False	zero	1.0	0.0180990553744494	True
1	6	R01F06	ANX	0.0	False	zero	0.5	0.0750942705021912	True
1	6	R01F06	BIP	0.0	False	zero	0.5	0.0750942705021912	True
1	6	R01F06	EA	0.0	False	zero	0.5	0.0750942705021912	True
1	6	R01F06	INSOM	0.0	False	zero	0.5	0.0750942705021912	True
1	6	R01F06	MDD	0.0	False	zero	0.5	0.0750942705021912	True
1	6	R01F06	NEUR	0.0	False	zero	0.5	0.0750942705021912	True
1	6	R01F06	SCZ	0.0	False	zero	0.5	0.0750942705021912	True
1	6	R01F06	SWB	0.0	False	zero	0.5	0.0750942705021912	True
1	7	R01F07	ANX	-0.0045221296788491	True	negative	0.0	0.38047223052032	False
1	7	R01F07	BIP	-0.01629400781446	True	negative	0.0	0.38047223052032	False
1	7	R01F07	EA	0.0261732071959326	True	positive	0.0	0.38047223052032	False
1	7	R01F07	INSOM	0.0088747408786818	True	positive	0.0	0.38047223052032	False
1	7	R01F07	MDD	-0.0023389392500522	True	negative	0.0	0.38047223052032	False
1	7	R01F07	NEUR	-0.0133796826990829	True	negative	0.0	0.38047223052032	False
1	7	R01F07	SCZ	-0.0380298101366055	True	negative	0.0	0.38047223052032	False
1	7	R01F07	SWB	-0.0448835170705888	True	negative	0.0	0.38047223052032	False
1	8	R01F08	ANX	0.003736750057848	True	positive	0.0	0.437879719018541	False
1	8	R01F08	BIP	0.0076722812550575	True	positive	0.0	0.437879719018541	False
1	8	R01F08	EA	0.0341813334018183	True	positive	0.0	0.437879719018541	False
1	8	R01F08	INSOM	0.0115940987234493	True	positive	0.0	0.437879719018541	False
1	8	R01F08	MDD	0.0051493628759509	True	positive	0.0	0.437879719018541	False
1	8	R01F08	NEUR	-0.0102074165046381	True	negative	0.0	0.437879719018541	False
1	8	R01F08	SCZ	-0.041962569884286	True	negative	0.0	0.437879719018541	False
1	8	R01F08	SWB	-0.027984111157799	True	negative	0.0	0.437879719018541	False
1	9	R01F09	ANX	-0.0047032533824432	True	negative	0.0	0.757719065285455	False
1	9	R01F09	BIP	-0.0079500513049543	True	negative	0.0	0.757719065285455	False
1	9	R01F09	EA	0.0391701449326083	True	positive	0.0	0.757719065285455	False
1	9	R01F09	INSOM	0.0043659818248301	True	positive	0.0	0.757719065285455	False
1	9	R01F09	MDD	0.0109343133458102	True	positive	0.0	0.757719065285455	False
1	9	R01F09	NEUR	0.002121090825938	True	positive	0.0	0.757719065285455	False
1	9	R01F09	SCZ	-0.0258613974862609	True	negative	0.0	0.757719065285455	False
1	9	R01F09	SWB	-0.0204835012913386	True	negative	0.0	0.757719065285455	False
1	10	R01F10	ANX	0.0016782569480011	True	positive	0.0	0.491677462233686	False
1	10	R01F10	BIP	-0.0181574249678144	True	negative	0.0	0.491677462233686	False
1	10	R01F10	EA	0.0295804619725021	True	positive	0.0	0.491677462233686	False
1	10	R01F10	INSOM	0.010952694855998	True	positive	0.0	0.491677462233686	False
1	10	R01F10	MDD	0.0023723709235402	True	positive	0.0	0.491677462233686	False
1	10	R01F10	NEUR	-0.0051603787489449	True	negative	0.0	0.491677462233686	False
1	10	R01F10	SCZ	-0.0448289871549119	True	negative	0.0	0.491677462233686	False
1	10	R01F10	SWB	-0.0126783329197054	True	negative	0.0	0.491677462233686	False
2	1	R02F01	ANX	-0.0047606609741273	True	negative	0.0	0.382238824863187	False
2	1	R02F01	BIP	-0.0040417206113823	True	negative	0.0	0.382238824863187	False
2	1	R02F01	EA	0.0389945823584477	True	positive	0.0	0.382238824863187	False
2	1	R02F01	INSOM	0.0019523129242853	True	positive	0.0	0.382238824863187	False
2	1	R02F01	MDD	0.0115865728267024	True	positive	0.0	0.382238824863187	False
2	1	R02F01	NEUR	-0.0181186051111638	True	negative	0.0	0.382238824863187	False
2	1	R02F01	SCZ	-0.0378725862302856	True	negative	0.0	0.382238824863187	False
2	1	R02F01	SWB	-0.0155998835134458	True	negative	0.0	0.382238824863187	False
2	2	R02F02	ANX	0.0	False	zero	1.0	0.0227461298745526	True
2	2	R02F02	BIP	0.0	False	zero	1.0	0.0227461298745526	True
2	2	R02F02	EA	0.0056530274985063	True	positive	1.0	0.0227461298745526	True
2	2	R02F02	INSOM	0.0	False	zero	1.0	0.0227461298745526	True
2	2	R02F02	MDD	0.0	False	zero	1.0	0.0227461298745526	True
2	2	R02F02	NEUR	0.0	False	zero	1.0	0.0227461298745526	True
2	2	R02F02	SCZ	-0.106784725257611	True	negative	1.0	0.0227461298745526	True
2	2	R02F02	SWB	0.0	False	zero	1.0	0.0227461298745526	True
2	3	R02F03	ANX	-0.0040457949685831	True	negative	0.0	0.52518807361395	False
2	3	R02F03	BIP	-0.0151130539792826	True	negative	0.0	0.52518807361395	False
2	3	R02F03	EA	0.0208295495677712	True	positive	0.0	0.52518807361395	False
2	3	R02F03	INSOM	-0.000229083891093	True	negative	0.0	0.52518807361395	False
2	3	R02F03	MDD	-0.0043692837574808	True	negative	0.0	0.52518807361395	False
2	3	R02F03	NEUR	-0.0043164639225922	True	negative	0.0	0.52518807361395	False
2	3	R02F03	SCZ	-0.0200621113456358	True	negative	0.0	0.52518807361395	False
2	3	R02F03	SWB	-0.0091178578413002	True	negative	0.0	0.52518807361395	False
2	4	R02F04	ANX	-0.0032288780579024	True	negative	0.0	0.756820643533676	False
2	4	R02F04	BIP	-0.0034610889013717	True	negative	0.0	0.756820643533676	False
2	4	R02F04	EA	0.0226420984588795	True	positive	0.0	0.756820643533676	False
2	4	R02F04	INSOM	0.0016593418602588	True	positive	0.0	0.756820643533676	False
2	4	R02F04	MDD	-0.0078242024608209	True	negative	0.0	0.756820643533676	False
2	4	R02F04	NEUR	-0.0191188125961602	True	negative	0.0	0.756820643533676	False
2	4	R02F04	SCZ	-0.0179408743837231	True	negative	0.0	0.756820643533676	False
2	4	R02F04	SWB	-0.0120820275383075	True	negative	0.0	0.756820643533676	False
2	5	R02F05	ANX	0.0	False	zero	0.1	0.141423756812904	True
2	5	R02F05	BIP	0.0	False	zero	0.1	0.141423756812904	True
2	5	R02F05	EA	0.0151158732078755	True	positive	0.1	0.141423756812904	True
2	5	R02F05	INSOM	0.0	False	zero	0.1	0.141423756812904	True
2	5	R02F05	MDD	0.0	False	zero	0.1	0.141423756812904	True
2	5	R02F05	NEUR	0.0	False	zero	0.1	0.141423756812904	True
2	5	R02F05	SCZ	-0.0449769148485936	True	negative	0.1	0.141423756812904	True
2	5	R02F05	SWB	0.0	False	zero	0.1	0.141423756812904	True
2	6	R02F06	ANX	0.0	False	zero	0.1	0.116724700073325	True
2	6	R02F06	BIP	0.0	False	zero	0.1	0.116724700073325	True
2	6	R02F06	EA	0.0712177000638856	True	positive	0.1	0.116724700073325	True
2	6	R02F06	INSOM	0.0	False	zero	0.1	0.116724700073325	True
2	6	R02F06	MDD	0.0	False	zero	0.1	0.116724700073325	True
2	6	R02F06	NEUR	0.0	False	zero	0.1	0.116724700073325	True
2	6	R02F06	SCZ	-0.0407282593323957	True	negative	0.1	0.116724700073325	True
2	6	R02F06	SWB	-0.0436767400217399	True	negative	0.1	0.116724700073325	True
2	7	R02F07	ANX	-0.0098405940652671	True	negative	0.0	0.223362627258397	False
2	7	R02F07	BIP	-0.0510071705400543	True	negative	0.0	0.223362627258397	False
2	7	R02F07	EA	0.08900997441702	True	positive	0.0	0.223362627258397	False
2	7	R02F07	INSOM	0.0403986890555544	True	positive	0.0	0.223362627258397	False
2	7	R02F07	MDD	-0.0499602331582088	True	negative	0.0	0.223362627258397	False
2	7	R02F07	NEUR	0.0261478170596826	True	positive	0.0	0.223362627258397	False
2	7	R02F07	SCZ	-0.0732953471382456	True	negative	0.0	0.223362627258397	False
2	7	R02F07	SWB	-0.0134015978037173	True	negative	0.0	0.223362627258397	False
2	8	R02F08	ANX	0.0079957890060421	True	positive	0.0	0.217224099112928	False
2	8	R02F08	BIP	-0.0206821709039266	True	negative	0.0	0.217224099112928	False
2	8	R02F08	EA	0.0341984053181539	True	positive	0.0	0.217224099112928	False
2	8	R02F08	INSOM	0.0455202813623048	True	positive	0.0	0.217224099112928	False
2	8	R02F08	MDD	-0.0031805758321626	True	negative	0.0	0.217224099112928	False
2	8	R02F08	NEUR	-0.0120526355354632	True	negative	0.0	0.217224099112928	False
2	8	R02F08	SCZ	-0.0623638471549132	True	negative	0.0	0.217224099112928	False
2	8	R02F08	SWB	-0.0217796357528665	True	negative	0.0	0.217224099112928	False
2	9	R02F09	ANX	0.0	False	zero	0.9	0.0248959177690284	True
2	9	R02F09	BIP	0.0	False	zero	0.9	0.0248959177690284	True
2	9	R02F09	EA	0.0	False	zero	0.9	0.0248959177690284	True
2	9	R02F09	INSOM	0.0	False	zero	0.9	0.0248959177690284	True
2	9	R02F09	MDD	0.0	False	zero	0.9	0.0248959177690284	True
2	9	R02F09	NEUR	0.0	False	zero	0.9	0.0248959177690284	True
2	9	R02F09	SCZ	-0.0515526576902309	True	negative	0.9	0.0248959177690284	True
2	9	R02F09	SWB	0.0	False	zero	0.9	0.0248959177690284	True
2	10	R02F10	ANX	0.0	False	zero	0.1	0.122684832415304	True
2	10	R02F10	BIP	-0.0027857025553471	True	negative	0.1	0.122684832415304	True
2	10	R02F10	EA	0.006989064167221	True	positive	0.1	0.122684832415304	True
2	10	R02F10	INSOM	0.0	False	zero	0.1	0.122684832415304	True
2	10	R02F10	MDD	0.0	False	zero	0.1	0.122684832415304	True
2	10	R02F10	NEUR	0.0	False	zero	0.1	0.122684832415304	True
2	10	R02F10	SCZ	-0.0459431233120635	True	negative	0.1	0.122684832415304	True
2	10	R02F10	SWB	0.0	False	zero	0.1	0.122684832415304	True
3	1	R03F01	ANX	0.0	False	zero	0.5	0.055207557094053	True
3	1	R03F01	BIP	0.0	False	zero	0.5	0.055207557094053	True
3	1	R03F01	EA	0.0	False	zero	0.5	0.055207557094053	True
3	1	R03F01	INSOM	0.0	False	zero	0.5	0.055207557094053	True
3	1	R03F01	MDD	0.0	False	zero	0.5	0.055207557094053	True
3	1	R03F01	NEUR	0.0	False	zero	0.5	0.055207557094053	True
3	1	R03F01	SCZ	-0.0346973731561092	True	negative	0.5	0.055207557094053	True
3	1	R03F01	SWB	0.0	False	zero	0.5	0.055207557094053	True
3	2	R03F02	ANX	0.0	False	zero	0.1	0.135085803617761	True
3	2	R03F02	BIP	-0.0021805374200743	True	negative	0.1	0.135085803617761	True
3	2	R03F02	EA	0.0066675425320649	True	positive	0.1	0.135085803617761	True
3	2	R03F02	INSOM	0.0	False	zero	0.1	0.135085803617761	True
3	2	R03F02	MDD	0.0	False	zero	0.1	0.135085803617761	True
3	2	R03F02	NEUR	0.0	False	zero	0.1	0.135085803617761	True
3	2	R03F02	SCZ	-0.0167615453924925	True	negative	0.1	0.135085803617761	True
3	2	R03F02	SWB	0.0	False	zero	0.1	0.135085803617761	True
3	3	R03F03	ANX	0.0	False	zero	0.4	0.0546001791997016	True
3	3	R03F03	BIP	0.0	False	zero	0.4	0.0546001791997016	True
3	3	R03F03	EA	0.0503449112010507	True	positive	0.4	0.0546001791997016	True
3	3	R03F03	INSOM	0.0	False	zero	0.4	0.0546001791997016	True
3	3	R03F03	MDD	0.0	False	zero	0.4	0.0546001791997016	True
3	3	R03F03	NEUR	0.0	False	zero	0.4	0.0546001791997016	True
3	3	R03F03	SCZ	0.0	False	zero	0.4	0.0546001791997016	True
3	3	R03F03	SWB	0.0	False	zero	0.4	0.0546001791997016	True
3	4	R03F04	ANX	0.0	False	zero	0.1	0.107049251193619	True
3	4	R03F04	BIP	-0.0135921556385112	True	negative	0.1	0.107049251193619	True
3	4	R03F04	EA	0.0	False	zero	0.1	0.107049251193619	True
3	4	R03F04	INSOM	0.0	False	zero	0.1	0.107049251193619	True
3	4	R03F04	MDD	0.0	False	zero	0.1	0.107049251193619	True
3	4	R03F04	NEUR	0.0	False	zero	0.1	0.107049251193619	True
3	4	R03F04	SCZ	-0.0961283832426752	True	negative	0.1	0.107049251193619	True
3	4	R03F04	SWB	0.0	False	zero	0.1	0.107049251193619	True
3	5	R03F05	ANX	-0.0002597504028714	True	negative	0.0	0.584975336698826	False
3	5	R03F05	BIP	-0.0071907542479837	True	negative	0.0	0.584975336698826	False
3	5	R03F05	EA	0.0365042887763885	True	positive	0.0	0.584975336698826	False
3	5	R03F05	INSOM	-0.0205905456742167	True	negative	0.0	0.584975336698826	False
3	5	R03F05	MDD	0.0046705941234318	True	positive	0.0	0.584975336698826	False
3	5	R03F05	NEUR	-0.0001196715453803	True	negative	0.0	0.584975336698826	False
3	5	R03F05	SCZ	-0.0362170924980009	True	negative	0.0	0.584975336698826	False
3	5	R03F05	SWB	-0.0105928635787017	True	negative	0.0	0.584975336698826	False
3	6	R03F06	ANX	0.0	False	zero	0.1	0.117743957614286	True
3	6	R03F06	BIP	0.0	False	zero	0.1	0.117743957614286	True
3	6	R03F06	EA	0.0110711057597915	True	positive	0.1	0.117743957614286	True
3	6	R03F06	INSOM	0.0038853729809723	True	positive	0.1	0.117743957614286	True
3	6	R03F06	MDD	0.0	False	zero	0.1	0.117743957614286	True
3	6	R03F06	NEUR	0.0	False	zero	0.1	0.117743957614286	True
3	6	R03F06	SCZ	-0.0424738320282857	True	negative	0.1	0.117743957614286	True
3	6	R03F06	SWB	0.0	False	zero	0.1	0.117743957614286	True
3	7	R03F07	ANX	0.0033601381027976	True	positive	0.0	0.213254265591736	False
3	7	R03F07	BIP	-0.0360078672815292	True	negative	0.0	0.213254265591736	False
3	7	R03F07	EA	0.050285309104647	True	positive	0.0	0.213254265591736	False
3	7	R03F07	INSOM	0.0258802227722606	True	positive	0.0	0.213254265591736	False
3	7	R03F07	MDD	0.0158098150844744	True	positive	0.0	0.213254265591736	False
3	7	R03F07	NEUR	0.0070796086172948	True	positive	0.0	0.213254265591736	False
3	7	R03F07	SCZ	-0.063961803027773	True	negative	0.0	0.213254265591736	False
3	7	R03F07	SWB	-0.0156652235989772	True	negative	0.0	0.213254265591736	False
3	8	R03F08	ANX	0.0064958843054939	True	positive	0.0	0.291598099211494	False
3	8	R03F08	BIP	-0.0229620764200873	True	negative	0.0	0.291598099211494	False
3	8	R03F08	EA	0.0436716015827362	True	positive	0.0	0.291598099211494	False
3	8	R03F08	INSOM	0.0557725533130968	True	positive	0.0	0.291598099211494	False
3	8	R03F08	MDD	-0.0089747875374599	True	negative	0.0	0.291598099211494	False
3	8	R03F08	NEUR	-0.0076538384719264	True	negative	0.0	0.291598099211494	False
3	8	R03F08	SCZ	-0.0665381961315051	True	negative	0.0	0.291598099211494	False
3	8	R03F08	SWB	-0.0516257286166444	True	negative	0.0	0.291598099211494	False
3	9	R03F09	ANX	-0.0027936125223902	True	negative	0.0	1.17518582631	False
3	9	R03F09	BIP	-0.0108624421654087	True	negative	0.0	1.17518582631	False
3	9	R03F09	EA	0.0161733975092213	True	positive	0.0	1.17518582631	False
3	9	R03F09	INSOM	0.0050487176667028	True	positive	0.0	1.17518582631	False
3	9	R03F09	MDD	-0.0099013149776619	True	negative	0.0	1.17518582631	False
3	9	R03F09	NEUR	-0.0064399854505565	True	negative	0.0	1.17518582631	False
3	9	R03F09	SCZ	-0.0174722502234803	True	negative	0.0	1.17518582631	False
3	9	R03F09	SWB	-0.0070639025630564	True	negative	0.0	1.17518582631	False
3	10	R03F10	ANX	-0.0035713407691985	True	negative	0.0	0.40123806486587	False
3	10	R03F10	BIP	-0.010147250022579	True	negative	0.0	0.40123806486587	False
3	10	R03F10	EA	0.0457803690047602	True	positive	0.0	0.40123806486587	False
3	10	R03F10	INSOM	0.0049276245622125	True	positive	0.0	0.40123806486587	False
3	10	R03F10	MDD	0.0004411121130064	True	positive	0.0	0.40123806486587	False
3	10	R03F10	NEUR	0.0102516269388996	True	positive	0.0	0.40123806486587	False
3	10	R03F10	SCZ	-0.0460278458119044	True	negative	0.0	0.40123806486587	False
3	10	R03F10	SWB	-0.0174449429152084	True	negative	0.0	0.40123806486587	False
4	1	R04F01	ANX	0.0	False	zero	1.0	0.0295504321261795	True
4	1	R04F01	BIP	0.0	False	zero	1.0	0.0295504321261795	True
4	1	R04F01	EA	0.0	False	zero	1.0	0.0295504321261795	True
4	1	R04F01	INSOM	0.0	False	zero	1.0	0.0295504321261795	True
4	1	R04F01	MDD	0.0	False	zero	1.0	0.0295504321261795	True
4	1	R04F01	NEUR	0.0	False	zero	1.0	0.0295504321261795	True
4	1	R04F01	SCZ	-0.0029050990142329	True	negative	1.0	0.0295504321261795	True
4	1	R04F01	SWB	0.0	False	zero	1.0	0.0295504321261795	True
4	2	R04F02	ANX	0.0	False	zero	1.0	0.0242621415376999	True
4	2	R04F02	BIP	0.0	False	zero	1.0	0.0242621415376999	True
4	2	R04F02	EA	0.0	False	zero	1.0	0.0242621415376999	True
4	2	R04F02	INSOM	0.0	False	zero	1.0	0.0242621415376999	True
4	2	R04F02	MDD	0.0	False	zero	1.0	0.0242621415376999	True
4	2	R04F02	NEUR	0.0	False	zero	1.0	0.0242621415376999	True
4	2	R04F02	SCZ	0.0	False	zero	1.0	0.0242621415376999	True
4	2	R04F02	SWB	0.0	False	zero	1.0	0.0242621415376999	True
4	3	R04F03	ANX	0.0049530518758625	True	positive	0.0	0.223658056648279	False
4	3	R04F03	BIP	-0.0243017210164641	True	negative	0.0	0.223658056648279	False
4	3	R04F03	EA	0.0646153676039158	True	positive	0.0	0.223658056648279	False
4	3	R04F03	INSOM	0.0287433421832508	True	positive	0.0	0.223658056648279	False
4	3	R04F03	MDD	0.0030446092184926	True	positive	0.0	0.223658056648279	False
4	3	R04F03	NEUR	1.99283094489767e-05	True	positive	0.0	0.223658056648279	False
4	3	R04F03	SCZ	-0.0530910231118901	True	negative	0.0	0.223658056648279	False
4	3	R04F03	SWB	-0.0315209153162202	True	negative	0.0	0.223658056648279	False
4	4	R04F04	ANX	0.003966514214827	True	positive	0.0	0.251561680375567	False
4	4	R04F04	BIP	-0.017619223204646	True	negative	0.0	0.251561680375567	False
4	4	R04F04	EA	0.0429780753669348	True	positive	0.0	0.251561680375567	False
4	4	R04F04	INSOM	0.032099060816133	True	positive	0.0	0.251561680375567	False
4	4	R04F04	MDD	0.0189705415786345	True	positive	0.0	0.251561680375567	False
4	4	R04F04	NEUR	-0.0039257797413275	True	negative	0.0	0.251561680375567	False
4	4	R04F04	SCZ	-0.0846454289236425	True	negative	0.0	0.251561680375567	False
4	4	R04F04	SWB	-0.0068001620799863	True	negative	0.0	0.251561680375567	False
4	5	R04F05	ANX	0.0	False	zero	0.9	0.0257222964048513	True
4	5	R04F05	BIP	0.0	False	zero	0.9	0.0257222964048513	True
4	5	R04F05	EA	0.0	False	zero	0.9	0.0257222964048513	True
4	5	R04F05	INSOM	0.0	False	zero	0.9	0.0257222964048513	True
4	5	R04F05	MDD	0.0	False	zero	0.9	0.0257222964048513	True
4	5	R04F05	NEUR	0.0	False	zero	0.9	0.0257222964048513	True
4	5	R04F05	SCZ	-0.0368109217025175	True	negative	0.9	0.0257222964048513	True
4	5	R04F05	SWB	0.0	False	zero	0.9	0.0257222964048513	True
4	6	R04F06	ANX	0.0	False	zero	0.8	0.0452641491027849	True
4	6	R04F06	BIP	0.0	False	zero	0.8	0.0452641491027849	True
4	6	R04F06	EA	0.0	False	zero	0.8	0.0452641491027849	True
4	6	R04F06	INSOM	0.0	False	zero	0.8	0.0452641491027849	True
4	6	R04F06	MDD	0.0	False	zero	0.8	0.0452641491027849	True
4	6	R04F06	NEUR	0.0	False	zero	0.8	0.0452641491027849	True
4	6	R04F06	SCZ	0.0	False	zero	0.8	0.0452641491027849	True
4	6	R04F06	SWB	0.0	False	zero	0.8	0.0452641491027849	True
4	7	R04F07	ANX	0.0066498782427825	True	positive	0.0	0.407672419803205	False
4	7	R04F07	BIP	-0.0310050755326511	True	negative	0.0	0.407672419803205	False
4	7	R04F07	EA	0.0560164650329528	True	positive	0.0	0.407672419803205	False
4	7	R04F07	INSOM	0.0005023643680537	True	positive	0.0	0.407672419803205	False
4	7	R04F07	MDD	0.0004134872954351	True	positive	0.0	0.407672419803205	False
4	7	R04F07	NEUR	-8.93670702646085e-05	True	negative	0.0	0.407672419803205	False
4	7	R04F07	SCZ	-0.0381815501744277	True	negative	0.0	0.407672419803205	False
4	7	R04F07	SWB	-0.0058096102613715	True	negative	0.0	0.407672419803205	False
4	8	R04F08	ANX	0.0020591513660698	True	positive	0.0	0.560029394950012	False
4	8	R04F08	BIP	-0.0163108168314312	True	negative	0.0	0.560029394950012	False
4	8	R04F08	EA	0.0282451923763369	True	positive	0.0	0.560029394950012	False
4	8	R04F08	INSOM	0.0027976229513545	True	positive	0.0	0.560029394950012	False
4	8	R04F08	MDD	0.000558568665968	True	positive	0.0	0.560029394950012	False
4	8	R04F08	NEUR	-0.0051147091699327	True	negative	0.0	0.560029394950012	False
4	8	R04F08	SCZ	-0.0340874550773128	True	negative	0.0	0.560029394950012	False
4	8	R04F08	SWB	-0.0240442007986183	True	negative	0.0	0.560029394950012	False
4	9	R04F09	ANX	0.001831019135709	True	positive	0.0	0.508213588496043	False
4	9	R04F09	BIP	-0.016846382899607	True	negative	0.0	0.508213588496043	False
4	9	R04F09	EA	0.0230183673827846	True	positive	0.0	0.508213588496043	False
4	9	R04F09	INSOM	0.015942324211921	True	positive	0.0	0.508213588496043	False
4	9	R04F09	MDD	-0.0024287710868254	True	negative	0.0	0.508213588496043	False
4	9	R04F09	NEUR	-0.0118261184788963	True	negative	0.0	0.508213588496043	False
4	9	R04F09	SCZ	-0.0412794089783648	True	negative	0.0	0.508213588496043	False
4	9	R04F09	SWB	-0.0182733678466385	True	negative	0.0	0.508213588496043	False
4	10	R04F10	ANX	0.0	False	zero	0.2	0.0703513075648175	True
4	10	R04F10	BIP	0.0	False	zero	0.2	0.0703513075648175	True
4	10	R04F10	EA	0.0041391626436243	True	positive	0.2	0.0703513075648175	True
4	10	R04F10	INSOM	0.0	False	zero	0.2	0.0703513075648175	True
4	10	R04F10	MDD	0.0	False	zero	0.2	0.0703513075648175	True
4	10	R04F10	NEUR	0.0	False	zero	0.2	0.0703513075648175	True
4	10	R04F10	SCZ	-0.0574502824324216	True	negative	0.2	0.0703513075648175	True
4	10	R04F10	SWB	0.0	False	zero	0.2	0.0703513075648175	True
5	1	R05F01	ANX	-0.0006470536557472	True	negative	0.0	0.398342771888551	False
5	1	R05F01	BIP	-0.012989270213573	True	negative	0.0	0.398342771888551	False
5	1	R05F01	EA	0.04920759846426	True	positive	0.0	0.398342771888551	False
5	1	R05F01	INSOM	0.0039062243236468	True	positive	0.0	0.398342771888551	False
5	1	R05F01	MDD	-0.0025375138425064	True	negative	0.0	0.398342771888551	False
5	1	R05F01	NEUR	-0.0062052051399839	True	negative	0.0	0.398342771888551	False
5	1	R05F01	SCZ	-0.0444969090966342	True	negative	0.0	0.398342771888551	False
5	1	R05F01	SWB	-0.0277724589050137	True	negative	0.0	0.398342771888551	False
5	2	R05F02	ANX	0.0	False	zero	1.0	0.0335318195936138	True
5	2	R05F02	BIP	0.0	False	zero	1.0	0.0335318195936138	True
5	2	R05F02	EA	0.0	False	zero	1.0	0.0335318195936138	True
5	2	R05F02	INSOM	0.0	False	zero	1.0	0.0335318195936138	True
5	2	R05F02	MDD	0.0	False	zero	1.0	0.0335318195936138	True
5	2	R05F02	NEUR	0.0	False	zero	1.0	0.0335318195936138	True
5	2	R05F02	SCZ	0.0	False	zero	1.0	0.0335318195936138	True
5	2	R05F02	SWB	0.0	False	zero	1.0	0.0335318195936138	True
5	3	R05F03	ANX	-0.0020789482544441	True	negative	0.0	0.333550316684264	False
5	3	R05F03	BIP	-0.013697095043432	True	negative	0.0	0.333550316684264	False
5	3	R05F03	EA	0.0264631232240837	True	positive	0.0	0.333550316684264	False
5	3	R05F03	INSOM	0.0266547388015933	True	positive	0.0	0.333550316684264	False
5	3	R05F03	MDD	0.0031163789359338	True	positive	0.0	0.333550316684264	False
5	3	R05F03	NEUR	-0.0111427984556211	True	negative	0.0	0.333550316684264	False
5	3	R05F03	SCZ	-0.0628032032893175	True	negative	0.0	0.333550316684264	False
5	3	R05F03	SWB	-0.0059651121200593	True	negative	0.0	0.333550316684264	False
5	4	R05F04	ANX	0.0	False	zero	0.1	0.126329003537837	True
5	4	R05F04	BIP	0.0	False	zero	0.1	0.126329003537837	True
5	4	R05F04	EA	0.0184557413504366	True	positive	0.1	0.126329003537837	True
5	4	R05F04	INSOM	0.0	False	zero	0.1	0.126329003537837	True
5	4	R05F04	MDD	0.0	False	zero	0.1	0.126329003537837	True
5	4	R05F04	NEUR	0.0	False	zero	0.1	0.126329003537837	True
5	4	R05F04	SCZ	-0.0435534174692555	True	negative	0.1	0.126329003537837	True
5	4	R05F04	SWB	0.0	False	zero	0.1	0.126329003537837	True
5	5	R05F05	ANX	-0.0001316595766418	True	negative	0.0	0.366531596919615	False
5	5	R05F05	BIP	-0.0133788870650807	True	negative	0.0	0.366531596919615	False
5	5	R05F05	EA	0.0376020317928062	True	positive	0.0	0.366531596919615	False
5	5	R05F05	INSOM	0.0087208782206595	True	positive	0.0	0.366531596919615	False
5	5	R05F05	MDD	0.0093735242777796	True	positive	0.0	0.366531596919615	False
5	5	R05F05	NEUR	0.004083466862335	True	positive	0.0	0.366531596919615	False
5	5	R05F05	SCZ	-0.0583238476287555	True	negative	0.0	0.366531596919615	False
5	5	R05F05	SWB	-0.0294185762436128	True	negative	0.0	0.366531596919615	False
5	6	R05F06	ANX	0.0	False	zero	0.9	0.0414051759589782	True
5	6	R05F06	BIP	0.0	False	zero	0.9	0.0414051759589782	True
5	6	R05F06	EA	0.0	False	zero	0.9	0.0414051759589782	True
5	6	R05F06	INSOM	0.0	False	zero	0.9	0.0414051759589782	True
5	6	R05F06	MDD	0.0	False	zero	0.9	0.0414051759589782	True
5	6	R05F06	NEUR	0.0	False	zero	0.9	0.0414051759589782	True
5	6	R05F06	SCZ	0.0	False	zero	0.9	0.0414051759589782	True
5	6	R05F06	SWB	0.0	False	zero	0.9	0.0414051759589782	True
5	7	R05F07	ANX	0.0	False	zero	0.6	0.035302843636302	True
5	7	R05F07	BIP	0.0	False	zero	0.6	0.035302843636302	True
5	7	R05F07	EA	0.0	False	zero	0.6	0.035302843636302	True
5	7	R05F07	INSOM	0.0	False	zero	0.6	0.035302843636302	True
5	7	R05F07	MDD	0.0	False	zero	0.6	0.035302843636302	True
5	7	R05F07	NEUR	0.0	False	zero	0.6	0.035302843636302	True
5	7	R05F07	SCZ	-0.0619039166866665	True	negative	0.6	0.035302843636302	True
5	7	R05F07	SWB	0.0	False	zero	0.6	0.035302843636302	True
5	8	R05F08	ANX	0.0250778779414413	True	positive	0.0	0.163009417826334	False
5	8	R05F08	BIP	-0.0444889044606036	True	negative	0.0	0.163009417826334	False
5	8	R05F08	EA	0.0412089472858429	True	positive	0.0	0.163009417826334	False
5	8	R05F08	INSOM	0.0699413361372642	True	positive	0.0	0.163009417826334	False
5	8	R05F08	MDD	0.0182273350049731	True	positive	0.0	0.163009417826334	False
5	8	R05F08	NEUR	0.0043030099251678	True	positive	0.0	0.163009417826334	False
5	8	R05F08	SCZ	-0.0562129440176416	True	negative	0.0	0.163009417826334	False
5	8	R05F08	SWB	-0.045498140100431	True	negative	0.0	0.163009417826334	False
5	9	R05F09	ANX	-0.0026448095466299	True	negative	0.0	0.389770278959598	False
5	9	R05F09	BIP	-0.0058941838838532	True	negative	0.0	0.389770278959598	False
5	9	R05F09	EA	0.0459255400227435	True	positive	0.0	0.389770278959598	False
5	9	R05F09	INSOM	0.029308570127461	True	positive	0.0	0.389770278959598	False
5	9	R05F09	MDD	0.009752212522735	True	positive	0.0	0.389770278959598	False
5	9	R05F09	NEUR	0.0068279329608037	True	positive	0.0	0.389770278959598	False
5	9	R05F09	SCZ	-0.0358093647264377	True	negative	0.0	0.389770278959598	False
5	9	R05F09	SWB	-0.014821026591949	True	negative	0.0	0.389770278959598	False
5	10	R05F10	ANX	-0.0069380455558104	True	negative	0.0	0.572446166305165	False
5	10	R05F10	BIP	-0.0320334000983796	True	negative	0.0	0.572446166305165	False
5	10	R05F10	EA	0.0277965904992709	True	positive	0.0	0.572446166305165	False
5	10	R05F10	INSOM	-0.0015481535445966	True	negative	0.0	0.572446166305165	False
5	10	R05F10	MDD	-0.0129943808210789	True	negative	0.0	0.572446166305165	False
5	10	R05F10	NEUR	-0.0133806114224237	True	negative	0.0	0.572446166305165	False
5	10	R05F10	SCZ	-0.0232983091986261	True	negative	0.0	0.572446166305165	False
5	10	R05F10	SWB	-0.0145537233492077	True	negative	0.0	0.572446166305165	False
6	1	R06F01	ANX	0.0	False	zero	0.9	0.0249604665820634	True
6	1	R06F01	BIP	0.0	False	zero	0.9	0.0249604665820634	True
6	1	R06F01	EA	0.0	False	zero	0.9	0.0249604665820634	True
6	1	R06F01	INSOM	0.0	False	zero	0.9	0.0249604665820634	True
6	1	R06F01	MDD	0.0	False	zero	0.9	0.0249604665820634	True
6	1	R06F01	NEUR	0.0	False	zero	0.9	0.0249604665820634	True
6	1	R06F01	SCZ	-0.0091425345793283	True	negative	0.9	0.0249604665820634	True
6	1	R06F01	SWB	0.0	False	zero	0.9	0.0249604665820634	True
6	2	R06F02	ANX	0.0044925854271945	True	positive	0.0	0.386882879614192	False
6	2	R06F02	BIP	-0.0196935417809779	True	negative	0.0	0.386882879614192	False
6	2	R06F02	EA	0.0420373842876336	True	positive	0.0	0.386882879614192	False
6	2	R06F02	INSOM	0.0202439566692239	True	positive	0.0	0.386882879614192	False
6	2	R06F02	MDD	-0.0133276914663481	True	negative	0.0	0.386882879614192	False
6	2	R06F02	NEUR	0.0114136492990848	True	positive	0.0	0.386882879614192	False
6	2	R06F02	SCZ	-0.0402511163159933	True	negative	0.0	0.386882879614192	False
6	2	R06F02	SWB	-0.0253554292098771	True	negative	0.0	0.386882879614192	False
6	3	R06F03	ANX	-0.0226677059588601	True	negative	0.0	0.310705240155117	False
6	3	R06F03	BIP	-0.0131055479394166	True	negative	0.0	0.310705240155117	False
6	3	R06F03	EA	0.0535935815180594	True	positive	0.0	0.310705240155117	False
6	3	R06F03	INSOM	-0.0016486599637716	True	negative	0.0	0.310705240155117	False
6	3	R06F03	MDD	-0.0091523184214989	True	negative	0.0	0.310705240155117	False
6	3	R06F03	NEUR	-0.0072799095446246	True	negative	0.0	0.310705240155117	False
6	3	R06F03	SCZ	-0.0552813303719189	True	negative	0.0	0.310705240155117	False
6	3	R06F03	SWB	-0.0407733927155963	True	negative	0.0	0.310705240155117	False
6	4	R06F04	ANX	0.0108248637076507	True	positive	0.0	0.456765460826754	False
6	4	R06F04	BIP	-0.00728334769985	True	negative	0.0	0.456765460826754	False
6	4	R06F04	EA	0.0232767664525293	True	positive	0.0	0.456765460826754	False
6	4	R06F04	INSOM	0.0113191258891792	True	positive	0.0	0.456765460826754	False
6	4	R06F04	MDD	0.0126588585680205	True	positive	0.0	0.456765460826754	False
6	4	R06F04	NEUR	-0.0066535350399815	True	negative	0.0	0.456765460826754	False
6	4	R06F04	SCZ	-0.0314549204058406	True	negative	0.0	0.456765460826754	False
6	4	R06F04	SWB	-0.0154686241682343	True	negative	0.0	0.456765460826754	False
6	5	R06F05	ANX	0.0188560982546001	True	positive	0.0	0.248526148427517	False
6	5	R06F05	BIP	-0.0266623155938877	True	negative	0.0	0.248526148427517	False
6	5	R06F05	EA	0.043459419740696	True	positive	0.0	0.248526148427517	False
6	5	R06F05	INSOM	0.0249772988349772	True	positive	0.0	0.248526148427517	False
6	5	R06F05	MDD	-0.0002491312901427	True	negative	0.0	0.248526148427517	False
6	5	R06F05	NEUR	-0.008918643012794	True	negative	0.0	0.248526148427517	False
6	5	R06F05	SCZ	-0.0494620602759635	True	negative	0.0	0.248526148427517	False
6	5	R06F05	SWB	-0.0258762597489529	True	negative	0.0	0.248526148427517	False
6	6	R06F06	ANX	-0.0068705341043755	True	negative	0.0	0.373608785543604	False
6	6	R06F06	BIP	-0.0114328861749814	True	negative	0.0	0.373608785543604	False
6	6	R06F06	EA	0.034918798777788	True	positive	0.0	0.373608785543604	False
6	6	R06F06	INSOM	0.0279834270241474	True	positive	0.0	0.373608785543604	False
6	6	R06F06	MDD	0.0142582711663871	True	positive	0.0	0.373608785543604	False
6	6	R06F06	NEUR	0.0005487462499021	True	positive	0.0	0.373608785543604	False
6	6	R06F06	SCZ	-0.0289684111414661	True	negative	0.0	0.373608785543604	False
6	6	R06F06	SWB	0.0001408997278474	True	positive	0.0	0.373608785543604	False
6	7	R06F07	ANX	0.0	False	zero	0.2	0.0759987399607617	True
6	7	R06F07	BIP	0.0	False	zero	0.2	0.0759987399607617	True
6	7	R06F07	EA	0.0	False	zero	0.2	0.0759987399607617	True
6	7	R06F07	INSOM	0.0	False	zero	0.2	0.0759987399607617	True
6	7	R06F07	MDD	0.0	False	zero	0.2	0.0759987399607617	True
6	7	R06F07	NEUR	0.0	False	zero	0.2	0.0759987399607617	True
6	7	R06F07	SCZ	-0.0698071972004951	True	negative	0.2	0.0759987399607617	True
6	7	R06F07	SWB	0.0	False	zero	0.2	0.0759987399607617	True
6	8	R06F08	ANX	0.0210107457771331	True	positive	0.0	0.187965080922898	False
6	8	R06F08	BIP	-0.0364210624463621	True	negative	0.0	0.187965080922898	False
6	8	R06F08	EA	0.0904260523833057	True	positive	0.0	0.187965080922898	False
6	8	R06F08	INSOM	0.0138608147786866	True	positive	0.0	0.187965080922898	False
6	8	R06F08	MDD	0.0043409030405865	True	positive	0.0	0.187965080922898	False
6	8	R06F08	NEUR	-0.0208348964077581	True	negative	0.0	0.187965080922898	False
6	8	R06F08	SCZ	-0.0723034865787683	True	negative	0.0	0.187965080922898	False
6	8	R06F08	SWB	0.0014034517806727	True	positive	0.0	0.187965080922898	False
6	9	R06F09	ANX	0.0	False	zero	0.7	0.0358528640587422	True
6	9	R06F09	BIP	0.0	False	zero	0.7	0.0358528640587422	True
6	9	R06F09	EA	0.0	False	zero	0.7	0.0358528640587422	True
6	9	R06F09	INSOM	0.0	False	zero	0.7	0.0358528640587422	True
6	9	R06F09	MDD	0.0	False	zero	0.7	0.0358528640587422	True
6	9	R06F09	NEUR	0.0	False	zero	0.7	0.0358528640587422	True
6	9	R06F09	SCZ	-0.0440852074606559	True	negative	0.7	0.0358528640587422	True
6	9	R06F09	SWB	0.0	False	zero	0.7	0.0358528640587422	True
6	10	R06F10	ANX	0.0	False	zero	0.9	0.0398478373996148	True
6	10	R06F10	BIP	0.0	False	zero	0.9	0.0398478373996148	True
6	10	R06F10	EA	0.0	False	zero	0.9	0.0398478373996148	True
6	10	R06F10	INSOM	0.0	False	zero	0.9	0.0398478373996148	True
6	10	R06F10	MDD	0.0	False	zero	0.9	0.0398478373996148	True
6	10	R06F10	NEUR	0.0	False	zero	0.9	0.0398478373996148	True
6	10	R06F10	SCZ	-0.0194291006025889	True	negative	0.9	0.0398478373996148	True
6	10	R06F10	SWB	0.0	False	zero	0.9	0.0398478373996148	True
7	1	R07F01	ANX	0.0099090913517404	True	positive	0.0	0.242971682219681	False
7	1	R07F01	BIP	-0.008725780669616	True	negative	0.0	0.242971682219681	False
7	1	R07F01	EA	0.0380622969158281	True	positive	0.0	0.242971682219681	False
7	1	R07F01	INSOM	0.0227277618779343	True	positive	0.0	0.242971682219681	False
7	1	R07F01	MDD	0.0111810945699932	True	positive	0.0	0.242971682219681	False
7	1	R07F01	NEUR	-0.0170884616737562	True	negative	0.0	0.242971682219681	False
7	1	R07F01	SCZ	-0.0470545457307704	True	negative	0.0	0.242971682219681	False
7	1	R07F01	SWB	-0.0144678724522538	True	negative	0.0	0.242971682219681	False
7	2	R07F02	ANX	0.0159606805641138	True	positive	0.0	0.373756910209312	False
7	2	R07F02	BIP	-0.0216879903170477	True	negative	0.0	0.373756910209312	False
7	2	R07F02	EA	0.0381609072841888	True	positive	0.0	0.373756910209312	False
7	2	R07F02	INSOM	0.0168572476705303	True	positive	0.0	0.373756910209312	False
7	2	R07F02	MDD	-0.0153493514277719	True	negative	0.0	0.373756910209312	False
7	2	R07F02	NEUR	-0.0007192030530781	True	negative	0.0	0.373756910209312	False
7	2	R07F02	SCZ	-0.0577246316142802	True	negative	0.0	0.373756910209312	False
7	2	R07F02	SWB	-0.0361441347222751	True	negative	0.0	0.373756910209312	False
7	3	R07F03	ANX	0.0	False	zero	0.8	0.0206732529920542	True
7	3	R07F03	BIP	0.0	False	zero	0.8	0.0206732529920542	True
7	3	R07F03	EA	0.0	False	zero	0.8	0.0206732529920542	True
7	3	R07F03	INSOM	0.0095669688306016	True	positive	0.8	0.0206732529920542	True
7	3	R07F03	MDD	0.0454863200524947	True	positive	0.8	0.0206732529920542	True
7	3	R07F03	NEUR	0.0	False	zero	0.8	0.0206732529920542	True
7	3	R07F03	SCZ	-0.0703009667342046	True	negative	0.8	0.0206732529920542	True
7	3	R07F03	SWB	0.0	False	zero	0.8	0.0206732529920542	True
7	4	R07F04	ANX	0.0	False	zero	0.8	0.0461956745592946	True
7	4	R07F04	BIP	0.0	False	zero	0.8	0.0461956745592946	True
7	4	R07F04	EA	0.0	False	zero	0.8	0.0461956745592946	True
7	4	R07F04	INSOM	0.0	False	zero	0.8	0.0461956745592946	True
7	4	R07F04	MDD	0.0	False	zero	0.8	0.0461956745592946	True
7	4	R07F04	NEUR	0.0	False	zero	0.8	0.0461956745592946	True
7	4	R07F04	SCZ	0.0	False	zero	0.8	0.0461956745592946	True
7	4	R07F04	SWB	0.0	False	zero	0.8	0.0461956745592946	True
7	5	R07F05	ANX	0.0	False	zero	0.9	0.0293027681654487	True
7	5	R07F05	BIP	0.0	False	zero	0.9	0.0293027681654487	True
7	5	R07F05	EA	0.0477054523530327	True	positive	0.9	0.0293027681654487	True
7	5	R07F05	INSOM	0.0	False	zero	0.9	0.0293027681654487	True
7	5	R07F05	MDD	0.0	False	zero	0.9	0.0293027681654487	True
7	5	R07F05	NEUR	0.0	False	zero	0.9	0.0293027681654487	True
7	5	R07F05	SCZ	-0.0354690912565113	True	negative	0.9	0.0293027681654487	True
7	5	R07F05	SWB	0.0	False	zero	0.9	0.0293027681654487	True
7	6	R07F06	ANX	0.0	False	zero	0.9	0.0320645683956252	True
7	6	R07F06	BIP	0.0	False	zero	0.9	0.0320645683956252	True
7	6	R07F06	EA	0.004037534816375	True	positive	0.9	0.0320645683956252	True
7	6	R07F06	INSOM	0.0	False	zero	0.9	0.0320645683956252	True
7	6	R07F06	MDD	0.0	False	zero	0.9	0.0320645683956252	True
7	6	R07F06	NEUR	0.0	False	zero	0.9	0.0320645683956252	True
7	6	R07F06	SCZ	-0.0626204560902943	True	negative	0.9	0.0320645683956252	True
7	6	R07F06	SWB	0.0	False	zero	0.9	0.0320645683956252	True
7	7	R07F07	ANX	-0.0041756398840997	True	negative	0.0	0.539088514797856	False
7	7	R07F07	BIP	-0.018835003939902	True	negative	0.0	0.539088514797856	False
7	7	R07F07	EA	0.0386583590628146	True	positive	0.0	0.539088514797856	False
7	7	R07F07	INSOM	-0.0047714618026533	True	negative	0.0	0.539088514797856	False
7	7	R07F07	MDD	0.0079631150820893	True	positive	0.0	0.539088514797856	False
7	7	R07F07	NEUR	-0.016453550542505	True	negative	0.0	0.539088514797856	False
7	7	R07F07	SCZ	-0.0304311853680288	True	negative	0.0	0.539088514797856	False
7	7	R07F07	SWB	-0.011478653982013	True	negative	0.0	0.539088514797856	False
7	8	R07F08	ANX	-0.0020663323082082	True	negative	0.0	0.539063719730922	False
7	8	R07F08	BIP	-0.0181879479142106	True	negative	0.0	0.539063719730922	False
7	8	R07F08	EA	0.0115187288589899	True	positive	0.0	0.539063719730922	False
7	8	R07F08	INSOM	-0.0064210809144875	True	negative	0.0	0.539063719730922	False
7	8	R07F08	MDD	-0.0165738214780945	True	negative	0.0	0.539063719730922	False
7	8	R07F08	NEUR	0.0188934581129475	True	positive	0.0	0.539063719730922	False
7	8	R07F08	SCZ	-0.0313180746910802	True	negative	0.0	0.539063719730922	False
7	8	R07F08	SWB	-0.0104627500391225	True	negative	0.0	0.539063719730922	False
7	9	R07F09	ANX	0.0	False	zero	0.7	0.0300885974350509	True
7	9	R07F09	BIP	0.0	False	zero	0.7	0.0300885974350509	True
7	9	R07F09	EA	0.0072747082769921	True	positive	0.7	0.0300885974350509	True
7	9	R07F09	INSOM	0.0	False	zero	0.7	0.0300885974350509	True
7	9	R07F09	MDD	0.0	False	zero	0.7	0.0300885974350509	True
7	9	R07F09	NEUR	0.0	False	zero	0.7	0.0300885974350509	True
7	9	R07F09	SCZ	-0.0369516933265591	True	negative	0.7	0.0300885974350509	True
7	9	R07F09	SWB	0.0	False	zero	0.7	0.0300885974350509	True
7	10	R07F10	ANX	-0.0154644558489605	True	negative	0.0	0.138253063726858	False
7	10	R07F10	BIP	-0.041943729294395	True	negative	0.0	0.138253063726858	False
7	10	R07F10	EA	0.0786644109895479	True	positive	0.0	0.138253063726858	False
7	10	R07F10	INSOM	0.059905760764098	True	positive	0.0	0.138253063726858	False
7	10	R07F10	MDD	0.0452426102764641	True	positive	0.0	0.138253063726858	False
7	10	R07F10	NEUR	0.0086528591285967	True	positive	0.0	0.138253063726858	False
7	10	R07F10	SCZ	-0.0432204768459777	True	negative	0.0	0.138253063726858	False
7	10	R07F10	SWB	0.0071582605503682	True	positive	0.0	0.138253063726858	False
8	1	R08F01	ANX	0.0	False	zero	0.1	0.137949311373008	True
8	1	R08F01	BIP	0.0	False	zero	0.1	0.137949311373008	True
8	1	R08F01	EA	0.0349299665454931	True	positive	0.1	0.137949311373008	True
8	1	R08F01	INSOM	0.0	False	zero	0.1	0.137949311373008	True
8	1	R08F01	MDD	0.0	False	zero	0.1	0.137949311373008	True
8	1	R08F01	NEUR	0.0	False	zero	0.1	0.137949311373008	True
8	1	R08F01	SCZ	-0.0469112197167714	True	negative	0.1	0.137949311373008	True
8	1	R08F01	SWB	0.0	False	zero	0.1	0.137949311373008	True
8	2	R08F02	ANX	0.0151797241005096	True	positive	0.0	0.23861702634586	False
8	2	R08F02	BIP	-0.0329297708154297	True	negative	0.0	0.23861702634586	False
8	2	R08F02	EA	0.0488515549575634	True	positive	0.0	0.23861702634586	False
8	2	R08F02	INSOM	0.0501005380460033	True	positive	0.0	0.23861702634586	False
8	2	R08F02	MDD	0.0164118055091067	True	positive	0.0	0.23861702634586	False
8	2	R08F02	NEUR	-0.0184027668359021	True	negative	0.0	0.23861702634586	False
8	2	R08F02	SCZ	-0.0426221722018669	True	negative	0.0	0.23861702634586	False
8	2	R08F02	SWB	-0.018634762350309	True	negative	0.0	0.23861702634586	False
8	3	R08F03	ANX	-0.0366145951466846	True	negative	0.0	0.287344419816505	False
8	3	R08F03	BIP	0.0097830924186749	True	positive	0.0	0.287344419816505	False
8	3	R08F03	EA	0.0406614528269803	True	positive	0.0	0.287344419816505	False
8	3	R08F03	INSOM	0.0334081854557131	True	positive	0.0	0.287344419816505	False
8	3	R08F03	MDD	0.0127992593540105	True	positive	0.0	0.287344419816505	False
8	3	R08F03	NEUR	-0.0092473883521565	True	negative	0.0	0.287344419816505	False
8	3	R08F03	SCZ	-0.0607794465568307	True	negative	0.0	0.287344419816505	False
8	3	R08F03	SWB	-0.0173710080558998	True	negative	0.0	0.287344419816505	False
8	4	R08F04	ANX	0.0067556156681458	True	positive	0.0	0.259177269074411	False
8	4	R08F04	BIP	-0.0349619735177771	True	negative	0.0	0.259177269074411	False
8	4	R08F04	EA	0.0334786090419616	True	positive	0.0	0.259177269074411	False
8	4	R08F04	INSOM	0.0161946086400325	True	positive	0.0	0.259177269074411	False
8	4	R08F04	MDD	0.0158244447906842	True	positive	0.0	0.259177269074411	False
8	4	R08F04	NEUR	-0.0280245025793888	True	negative	0.0	0.259177269074411	False
8	4	R08F04	SCZ	-0.029883109755141	True	negative	0.0	0.259177269074411	False
8	4	R08F04	SWB	-0.0353338749861761	True	negative	0.0	0.259177269074411	False
8	5	R08F05	ANX	0.0	False	zero	0.6	0.0444904321326681	True
8	5	R08F05	BIP	0.0	False	zero	0.6	0.0444904321326681	True
8	5	R08F05	EA	0.0217176517061617	True	positive	0.6	0.0444904321326681	True
8	5	R08F05	INSOM	0.0	False	zero	0.6	0.0444904321326681	True
8	5	R08F05	MDD	0.0	False	zero	0.6	0.0444904321326681	True
8	5	R08F05	NEUR	0.0	False	zero	0.6	0.0444904321326681	True
8	5	R08F05	SCZ	0.0	False	zero	0.6	0.0444904321326681	True
8	5	R08F05	SWB	0.0	False	zero	0.6	0.0444904321326681	True
8	6	R08F06	ANX	0.0	False	zero	0.8	0.037091014827269	True
8	6	R08F06	BIP	0.0	False	zero	0.8	0.037091014827269	True
8	6	R08F06	EA	0.0	False	zero	0.8	0.037091014827269	True
8	6	R08F06	INSOM	0.0	False	zero	0.8	0.037091014827269	True
8	6	R08F06	MDD	0.0	False	zero	0.8	0.037091014827269	True
8	6	R08F06	NEUR	0.0	False	zero	0.8	0.037091014827269	True
8	6	R08F06	SCZ	-0.0539700907291198	True	negative	0.8	0.037091014827269	True
8	6	R08F06	SWB	0.0	False	zero	0.8	0.037091014827269	True
8	7	R08F07	ANX	0.0214423853923099	True	positive	0.9	0.0165382670488844	True
8	7	R08F07	BIP	0.0	False	zero	0.9	0.0165382670488844	True
8	7	R08F07	EA	0.0001272952102446	True	positive	0.9	0.0165382670488844	True
8	7	R08F07	INSOM	0.0	False	zero	0.9	0.0165382670488844	True
8	7	R08F07	MDD	0.0	False	zero	0.9	0.0165382670488844	True
8	7	R08F07	NEUR	0.0	False	zero	0.9	0.0165382670488844	True
8	7	R08F07	SCZ	-0.0857595660520573	True	negative	0.9	0.0165382670488844	True
8	7	R08F07	SWB	0.0	False	zero	0.9	0.0165382670488844	True
8	8	R08F08	ANX	0.0009416375369129	True	positive	0.0	0.379164369588026	False
8	8	R08F08	BIP	-0.000568187749951	True	negative	0.0	0.379164369588026	False
8	8	R08F08	EA	0.0341758673284719	True	positive	0.0	0.379164369588026	False
8	8	R08F08	INSOM	0.0022163499683822	True	positive	0.0	0.379164369588026	False
8	8	R08F08	MDD	0.0111456438865864	True	positive	0.0	0.379164369588026	False
8	8	R08F08	NEUR	-0.0030973581788484	True	negative	0.0	0.379164369588026	False
8	8	R08F08	SCZ	-0.0527898209177469	True	negative	0.0	0.379164369588026	False
8	8	R08F08	SWB	-0.0248204553456863	True	negative	0.0	0.379164369588026	False
8	9	R08F09	ANX	0.0068532900211016	True	positive	0.0	0.31461066914177	False
8	9	R08F09	BIP	-0.0423406945303764	True	negative	0.0	0.31461066914177	False
8	9	R08F09	EA	0.0326649657261607	True	positive	0.0	0.31461066914177	False
8	9	R08F09	INSOM	0.0170747106611012	True	positive	0.0	0.31461066914177	False
8	9	R08F09	MDD	-0.0090864253023071	True	negative	0.0	0.31461066914177	False
8	9	R08F09	NEUR	0.0143031742009641	True	positive	0.0	0.31461066914177	False
8	9	R08F09	SCZ	-0.0678466983114136	True	negative	0.0	0.31461066914177	False
8	9	R08F09	SWB	-0.0165053986627205	True	negative	0.0	0.31461066914177	False
8	10	R08F10	ANX	0.0	False	zero	0.9	0.0204972399902107	True
8	10	R08F10	BIP	0.0	False	zero	0.9	0.0204972399902107	True
8	10	R08F10	EA	0.0559600332534999	True	positive	0.9	0.0204972399902107	True
8	10	R08F10	INSOM	0.0	False	zero	0.9	0.0204972399902107	True
8	10	R08F10	MDD	0.0	False	zero	0.9	0.0204972399902107	True
8	10	R08F10	NEUR	0.0	False	zero	0.9	0.0204972399902107	True
8	10	R08F10	SCZ	-0.0060280363270442	True	negative	0.9	0.0204972399902107	True
8	10	R08F10	SWB	0.0	False	zero	0.9	0.0204972399902107	True
9	1	R09F01	ANX	0.0	False	zero	1.0	0.0157669384465797	True
9	1	R09F01	BIP	0.0	False	zero	1.0	0.0157669384465797	True
9	1	R09F01	EA	0.0315617581559421	True	positive	1.0	0.0157669384465797	True
9	1	R09F01	INSOM	0.0	False	zero	1.0	0.0157669384465797	True
9	1	R09F01	MDD	0.0	False	zero	1.0	0.0157669384465797	True
9	1	R09F01	NEUR	0.0	False	zero	1.0	0.0157669384465797	True
9	1	R09F01	SCZ	-0.153936843122544	True	negative	1.0	0.0157669384465797	True
9	1	R09F01	SWB	0.0	False	zero	1.0	0.0157669384465797	True
9	2	R09F02	ANX	0.0	False	zero	0.7	0.033145526606697	True
9	2	R09F02	BIP	0.0	False	zero	0.7	0.033145526606697	True
9	2	R09F02	EA	0.0	False	zero	0.7	0.033145526606697	True
9	2	R09F02	INSOM	0.0	False	zero	0.7	0.033145526606697	True
9	2	R09F02	MDD	0.0	False	zero	0.7	0.033145526606697	True
9	2	R09F02	NEUR	0.0	False	zero	0.7	0.033145526606697	True
9	2	R09F02	SCZ	-0.0291423878916911	True	negative	0.7	0.033145526606697	True
9	2	R09F02	SWB	0.0	False	zero	0.7	0.033145526606697	True
9	3	R09F03	ANX	-0.0011639145552396	True	negative	0.0	0.228376430640155	False
9	3	R09F03	BIP	-0.0145385833045149	True	negative	0.0	0.228376430640155	False
9	3	R09F03	EA	0.0294790062108702	True	positive	0.0	0.228376430640155	False
9	3	R09F03	INSOM	0.0203069399424421	True	positive	0.0	0.228376430640155	False
9	3	R09F03	MDD	0.01280448049182	True	positive	0.0	0.228376430640155	False
9	3	R09F03	NEUR	0.0035604793901879	True	positive	0.0	0.228376430640155	False
9	3	R09F03	SCZ	-0.0647597560958771	True	negative	0.0	0.228376430640155	False
9	3	R09F03	SWB	-0.0370177476529422	True	negative	0.0	0.228376430640155	False
9	4	R09F04	ANX	0.0	False	zero	1.0	0.0223941291760629	True
9	4	R09F04	BIP	0.0	False	zero	1.0	0.0223941291760629	True
9	4	R09F04	EA	0.0	False	zero	1.0	0.0223941291760629	True
9	4	R09F04	INSOM	0.0	False	zero	1.0	0.0223941291760629	True
9	4	R09F04	MDD	0.0	False	zero	1.0	0.0223941291760629	True
9	4	R09F04	NEUR	0.0	False	zero	1.0	0.0223941291760629	True
9	4	R09F04	SCZ	-0.0363481091864634	True	negative	1.0	0.0223941291760629	True
9	4	R09F04	SWB	0.0	False	zero	1.0	0.0223941291760629	True
9	5	R09F05	ANX	0.0	False	zero	1.0	0.0366985584856538	True
9	5	R09F05	BIP	0.0	False	zero	1.0	0.0366985584856538	True
9	5	R09F05	EA	0.0	False	zero	1.0	0.0366985584856538	True
9	5	R09F05	INSOM	0.0	False	zero	1.0	0.0366985584856538	True
9	5	R09F05	MDD	0.0	False	zero	1.0	0.0366985584856538	True
9	5	R09F05	NEUR	0.0	False	zero	1.0	0.0366985584856538	True
9	5	R09F05	SCZ	0.0	False	zero	1.0	0.0366985584856538	True
9	5	R09F05	SWB	0.0	False	zero	1.0	0.0366985584856538	True
9	6	R09F06	ANX	0.0	False	zero	0.3	0.0441677489282902	True
9	6	R09F06	BIP	0.0	False	zero	0.3	0.0441677489282902	True
9	6	R09F06	EA	0.0626527083689042	True	positive	0.3	0.0441677489282902	True
9	6	R09F06	INSOM	0.0	False	zero	0.3	0.0441677489282902	True
9	6	R09F06	MDD	0.0001595253754388	True	positive	0.3	0.0441677489282902	True
9	6	R09F06	NEUR	0.0	False	zero	0.3	0.0441677489282902	True
9	6	R09F06	SCZ	-0.0698915328315997	True	negative	0.3	0.0441677489282902	True
9	6	R09F06	SWB	0.0	False	zero	0.3	0.0441677489282902	True
9	7	R09F07	ANX	0.0014789679760327	True	positive	0.0	0.371403360458469	False
9	7	R09F07	BIP	-0.0110061344687985	True	negative	0.0	0.371403360458469	False
9	7	R09F07	EA	0.0501762545213802	True	positive	0.0	0.371403360458469	False
9	7	R09F07	INSOM	0.0062599946064231	True	positive	0.0	0.371403360458469	False
9	7	R09F07	MDD	0.0065689848769031	True	positive	0.0	0.371403360458469	False
9	7	R09F07	NEUR	-0.0076899682350772	True	negative	0.0	0.371403360458469	False
9	7	R09F07	SCZ	-0.0531300124562125	True	negative	0.0	0.371403360458469	False
9	7	R09F07	SWB	-0.0146183309230989	True	negative	0.0	0.371403360458469	False
9	8	R09F08	ANX	0.0	False	zero	0.6	0.02478554826483	True
9	8	R09F08	BIP	0.0	False	zero	0.6	0.02478554826483	True
9	8	R09F08	EA	0.0701915364268833	True	positive	0.6	0.02478554826483	True
9	8	R09F08	INSOM	0.0	False	zero	0.6	0.02478554826483	True
9	8	R09F08	MDD	0.0	False	zero	0.6	0.02478554826483	True
9	8	R09F08	NEUR	0.0	False	zero	0.6	0.02478554826483	True
9	8	R09F08	SCZ	-0.0517175161602789	True	negative	0.6	0.02478554826483	True
9	8	R09F08	SWB	0.0	False	zero	0.6	0.02478554826483	True
9	9	R09F09	ANX	-0.0098906606035156	True	negative	0.0	0.552160978470685	False
9	9	R09F09	BIP	-0.0215228785112749	True	negative	0.0	0.552160978470685	False
9	9	R09F09	EA	0.0221798097447406	True	positive	0.0	0.552160978470685	False
9	9	R09F09	INSOM	0.0119809545038546	True	positive	0.0	0.552160978470685	False
9	9	R09F09	MDD	-0.0122631554423912	True	negative	0.0	0.552160978470685	False
9	9	R09F09	NEUR	-0.0048498539097103	True	negative	0.0	0.552160978470685	False
9	9	R09F09	SCZ	-0.0381265451452419	True	negative	0.0	0.552160978470685	False
9	9	R09F09	SWB	-0.0118566836907934	True	negative	0.0	0.552160978470685	False
9	10	R09F10	ANX	0.0	False	zero	0.7	0.0447226946244198	True
9	10	R09F10	BIP	0.0	False	zero	0.7	0.0447226946244198	True
9	10	R09F10	EA	0.0	False	zero	0.7	0.0447226946244198	True
9	10	R09F10	INSOM	0.0	False	zero	0.7	0.0447226946244198	True
9	10	R09F10	MDD	0.0	False	zero	0.7	0.0447226946244198	True
9	10	R09F10	NEUR	0.0	False	zero	0.7	0.0447226946244198	True
9	10	R09F10	SCZ	0.0	False	zero	0.7	0.0447226946244198	True
9	10	R09F10	SWB	0.0	False	zero	0.7	0.0447226946244198	True
10	1	R10F01	ANX	-0.01013350388005	True	negative	0.0	0.392944859203427	False
10	1	R10F01	BIP	-0.0319359410950933	True	negative	0.0	0.392944859203427	False
10	1	R10F01	EA	0.0247747788371673	True	positive	0.0	0.392944859203427	False
10	1	R10F01	INSOM	0.0131638721812586	True	positive	0.0	0.392944859203427	False
10	1	R10F01	MDD	0.0016620843997968	True	positive	0.0	0.392944859203427	False
10	1	R10F01	NEUR	-0.0005771216681425	True	negative	0.0	0.392944859203427	False
10	1	R10F01	SCZ	-0.0547398049157763	True	negative	0.0	0.392944859203427	False
10	1	R10F01	SWB	-0.0202784922880416	True	negative	0.0	0.392944859203427	False
10	2	R10F02	ANX	-0.007453706602004	True	negative	0.0	0.346130831588528	False
10	2	R10F02	BIP	-0.0104182284422481	True	negative	0.0	0.346130831588528	False
10	2	R10F02	EA	0.0369079840764034	True	positive	0.0	0.346130831588528	False
10	2	R10F02	INSOM	0.0170294476457686	True	positive	0.0	0.346130831588528	False
10	2	R10F02	MDD	-0.0125715472219368	True	negative	0.0	0.346130831588528	False
10	2	R10F02	NEUR	-0.0042402650911319	True	negative	0.0	0.346130831588528	False
10	2	R10F02	SCZ	-0.0339061473413468	True	negative	0.0	0.346130831588528	False
10	2	R10F02	SWB	-0.0105324592883384	True	negative	0.0	0.346130831588528	False
10	3	R10F03	ANX	-0.0015409214824188	True	negative	0.0	0.669289570403408	False
10	3	R10F03	BIP	-0.0220341313612485	True	negative	0.0	0.669289570403408	False
10	3	R10F03	EA	0.0248885256544303	True	positive	0.0	0.669289570403408	False
10	3	R10F03	INSOM	-0.002322924127762	True	negative	0.0	0.669289570403408	False
10	3	R10F03	MDD	0.0032650231258194	True	positive	0.0	0.669289570403408	False
10	3	R10F03	NEUR	0.0011353195312104	True	positive	0.0	0.669289570403408	False
10	3	R10F03	SCZ	-0.029052984842804	True	negative	0.0	0.669289570403408	False
10	3	R10F03	SWB	-0.0115542744049054	True	negative	0.0	0.669289570403408	False
10	4	R10F04	ANX	0.0	False	zero	0.1	0.141219545190212	True
10	4	R10F04	BIP	0.0	False	zero	0.1	0.141219545190212	True
10	4	R10F04	EA	0.0592832763961995	True	positive	0.1	0.141219545190212	True
10	4	R10F04	INSOM	0.0	False	zero	0.1	0.141219545190212	True
10	4	R10F04	MDD	0.0	False	zero	0.1	0.141219545190212	True
10	4	R10F04	NEUR	0.0	False	zero	0.1	0.141219545190212	True
10	4	R10F04	SCZ	-0.0264986015888572	True	negative	0.1	0.141219545190212	True
10	4	R10F04	SWB	0.0	False	zero	0.1	0.141219545190212	True
10	5	R10F05	ANX	0.0	False	zero	0.5	0.0442250784181947	True
10	5	R10F05	BIP	0.0	False	zero	0.5	0.0442250784181947	True
10	5	R10F05	EA	0.0837322202368997	True	positive	0.5	0.0442250784181947	True
10	5	R10F05	INSOM	0.0	False	zero	0.5	0.0442250784181947	True
10	5	R10F05	MDD	0.0	False	zero	0.5	0.0442250784181947	True
10	5	R10F05	NEUR	0.0	False	zero	0.5	0.0442250784181947	True
10	5	R10F05	SCZ	-0.0428825128751732	True	negative	0.5	0.0442250784181947	True
10	5	R10F05	SWB	0.0	False	zero	0.5	0.0442250784181947	True
10	6	R10F06	ANX	0.0336737281975079	True	positive	0.0	0.116085043439006	False
10	6	R10F06	BIP	-0.0062980870016548	True	negative	0.0	0.116085043439006	False
10	6	R10F06	EA	0.0350959784980978	True	positive	0.0	0.116085043439006	False
10	6	R10F06	INSOM	0.0431300616776408	True	positive	0.0	0.116085043439006	False
10	6	R10F06	MDD	0.0588235043504177	True	positive	0.0	0.116085043439006	False
10	6	R10F06	NEUR	-0.0081344180834394	True	negative	0.0	0.116085043439006	False
10	6	R10F06	SCZ	-0.0501936865862959	True	negative	0.0	0.116085043439006	False
10	6	R10F06	SWB	-0.0471283873882243	True	negative	0.0	0.116085043439006	False
10	7	R10F07	ANX	-0.0015509369864655	True	negative	0.0	0.467744428768782	False
10	7	R10F07	BIP	-0.0174162263853995	True	negative	0.0	0.467744428768782	False
10	7	R10F07	EA	0.0274605923174659	True	positive	0.0	0.467744428768782	False
10	7	R10F07	INSOM	0.0010300090186204	True	positive	0.0	0.467744428768782	False
10	7	R10F07	MDD	0.016876501940891	True	positive	0.0	0.467744428768782	False
10	7	R10F07	NEUR	0.0100559076348173	True	positive	0.0	0.467744428768782	False
10	7	R10F07	SCZ	-0.0330550007881061	True	negative	0.0	0.467744428768782	False
10	7	R10F07	SWB	-0.0174321223845678	True	negative	0.0	0.467744428768782	False
10	8	R10F08	ANX	-0.0126551089638066	True	negative	0.0	0.716438424121979	False
10	8	R10F08	BIP	-0.0080102044993843	True	negative	0.0	0.716438424121979	False
10	8	R10F08	EA	0.0192209943594544	True	positive	0.0	0.716438424121979	False
10	8	R10F08	INSOM	-0.0044560519022536	True	negative	0.0	0.716438424121979	False
10	8	R10F08	MDD	-0.0115389798745577	True	negative	0.0	0.716438424121979	False
10	8	R10F08	NEUR	-0.0026618985503701	True	negative	0.0	0.716438424121979	False
10	8	R10F08	SCZ	-0.0309760481488369	True	negative	0.0	0.716438424121979	False
10	8	R10F08	SWB	-0.0107708548006165	True	negative	0.0	0.716438424121979	False
10	9	R10F09	ANX	0.0075086726045182	True	positive	0.0	0.454657925295612	False
10	9	R10F09	BIP	-0.0095261988628364	True	negative	0.0	0.454657925295612	False
10	9	R10F09	EA	0.0392266937134854	True	positive	0.0	0.454657925295612	False
10	9	R10F09	INSOM	0.0234782621745887	True	positive	0.0	0.454657925295612	False
10	9	R10F09	MDD	-0.0048881584501013	True	negative	0.0	0.454657925295612	False
10	9	R10F09	NEUR	-0.0169092296390365	True	negative	0.0	0.454657925295612	False
10	9	R10F09	SCZ	-0.050554334766409	True	negative	0.0	0.454657925295612	False
10	9	R10F09	SWB	-0.016132618664455	True	negative	0.0	0.454657925295612	False
10	10	R10F10	ANX	0.0	False	zero	0.4	0.0394874450362201	True
10	10	R10F10	BIP	0.0	False	zero	0.4	0.0394874450362201	True
10	10	R10F10	EA	0.0228669815944069	True	positive	0.4	0.0394874450362201	True
10	10	R10F10	INSOM	0.0	False	zero	0.4	0.0394874450362201	True
10	10	R10F10	MDD	0.0	False	zero	0.4	0.0394874450362201	True
10	10	R10F10	NEUR	0.0	False	zero	0.4	0.0394874450362201	True
10	10	R10F10	SCZ	-0.082881227811471	True	negative	0.4	0.0394874450362201	True
10	10	R10F10	SWB	0.0	False	zero	0.4	0.0394874450362201	True
